t_ms,phase,sheet_idx,jvm_heap_used_mb,jvm_heap_max_mb,native_heap_used_mb,native_heap_size_mb,rss_mb,cpu_percent
1,warmup,0,115.23,512.00,89.24,98.26,420.16,0.00
103,warmup,0,97.48,512.00,124.00,133.17,423.04,321.93
211,warmup,0,102.25,512.00,140.53,149.70,444.67,129.58
321,warmup,0,102.32,512.00,173.55,182.72,451.96,109.36
431,warmup,0,102.40,512.00,173.57,182.72,451.91,109.46
541,warmup,0,103.29,512.00,212.64,221.76,487.77,245.21
650,warmup,0,109.54,512.00,212.36,221.53,483.42,255.84
760,warmup,0,114.30,512.00,228.88,238.05,505.20,366.28
865,warmup,0,114.34,512.00,261.90,271.08,511.60,387.32
970,warmup,0,91.75,512.00,222.48,231.70,453.96,345.06
1073,warmup,0,102.70,512.00,262.21,271.45,489.23,203.87
1174,warmup,0,102.77,512.00,262.22,271.45,492.13,88.58
1277,warmup,0,102.81,512.00,262.23,271.45,492.58,39.14
1380,warmup,0,102.88,512.00,262.24,271.45,494.07,38.66
1482,warmup,0,102.96,512.00,262.25,271.45,494.04,19.69
1583,warmup,0,103.78,512.00,301.33,310.50,530.81,108.54
1684,warmup,0,114.65,512.00,298.71,307.91,540.89,167.89
1785,warmup,0,114.72,512.00,298.73,307.91,543.91,108.69
1887,warmup,0,114.79,512.00,298.74,307.91,549.31,98.88
1988,warmup,0,115.35,512.00,310.75,319.70,555.29,108.79
2089,warmup,0,92.22,512.00,260.90,270.14,480.67,178.03
2191,warmup,0,102.85,512.00,258.56,267.79,517.30,284.69
2294,warmup,0,102.92,512.00,258.58,267.79,522.82,407.90
2396,warmup,0,103.87,512.00,284.29,293.51,538.86,272.36
2498,warmup,0,114.47,512.00,281.95,291.16,553.89,88.82
2600,warmup,0,114.78,512.00,281.97,291.16,557.33,68.58
2706,warmup,0,91.65,512.00,247.24,256.79,510.40,226.65
2807,warmup,0,102.28,512.00,247.26,256.79,520.84,98.76
2908,warmup,0,102.35,512.00,247.28,256.79,521.05,98.86
3009,warmup,0,102.43,512.00,247.29,256.79,521.26,108.80
3111,warmup,0,103.32,512.00,266.73,276.28,531.87,118.06
3212,warmup,0,114.23,512.00,272.50,282.00,554.72,266.14
3315,warmup,0,114.31,512.00,272.52,282.00,554.72,387.71
3420,warmup,0,91.51,512.00,289.54,298.68,538.71,266.89
3522,warmup,0,102.23,512.00,240.99,250.53,520.41,108.00
3625,warmup,0,103.09,512.00,252.88,262.30,524.71,87.38
3726,warmup,0,103.43,512.00,267.30,276.81,536.43,128.53
3828,warmup,0,114.07,512.00,266.23,275.73,551.31,108.69
3929,warmup,0,114.14,512.00,266.25,275.73,551.32,108.74
4030,warmup,0,114.21,512.00,266.26,275.73,551.32,99.00
4131,warmup,0,115.00,512.00,281.81,291.32,561.54,118.85
4233,warmup,0,102.11,512.00,224.20,233.71,500.22,235.19
4337,warmup,0,102.18,512.00,224.23,233.71,500.22,394.81
4440,warmup,0,103.05,512.00,239.77,249.20,500.46,270.32
4541,warmup,0,113.69,512.00,249.43,258.92,533.87,128.41
4643,warmup,0,113.99,512.00,249.43,258.92,532.53,58.98
4744,warmup,0,120.74,512.00,274.65,284.13,555.14,148.11
4846,warmup,0,102.14,512.00,224.21,233.71,494.91,108.70
4947,warmup,0,102.21,512.00,224.23,233.71,494.91,108.87
5048,warmup,0,102.28,512.00,224.24,233.71,494.87,99.01
5149,warmup,0,103.39,512.00,239.81,249.30,508.22,128.70
5250,warmup,0,114.22,512.00,241.06,250.53,517.25,285.03
5354,warmup,0,114.30,512.00,241.08,250.53,517.25,397.51
5456,warmup,0,116.49,512.00,259.06,268.52,529.71,281.66
5559,warmup,0,108.01,512.00,224.21,233.71,502.01,78.41
5661,warmup,0,108.86,512.00,236.16,245.49,508.10,87.83
5763,CPU1T,1,109.45,512.00,257.30,266.75,521.75,186.69
5866,CPU1T,1,120.05,512.00,254.69,264.13,536.29,125.90
5967,CPU1T,1,120.13,512.00,254.71,264.13,536.29,98.92
6068,CPU1T,1,120.20,512.00,254.72,264.13,536.29,108.82
6169,CPU1T,1,121.06,512.00,266.36,275.82,545.22,118.54
6271,CPU1T,2,102.20,512.00,255.96,265.45,520.89,187.62
6372,CPU1T,2,102.27,512.00,255.98,265.45,520.89,128.51
6474,CPU1T,2,102.38,512.00,255.99,265.45,520.89,126.83
6578,CPU1T,2,102.45,512.00,256.01,265.45,520.87,86.97
6683,CPU1T,2,103.28,512.00,295.07,304.49,555.44,113.67
6787,CPU1T,3,109.58,512.00,268.13,277.56,533.76,193.26
6893,CPU1T,3,114.38,512.00,268.15,277.56,543.00,141.76
7002,CPU1T,3,114.45,512.00,268.17,277.56,543.18,109.93
7107,CPU1T,3,114.49,512.00,268.19,277.56,543.16,114.17
7212,CPU1T,3,114.84,512.00,268.20,277.56,543.02,104.38
7316,CPU1T,3,115.42,512.00,307.27,316.61,572.66,154.54
7424,CPU1T,4,91.55,512.00,285.18,294.18,530.97,176.37
7534,CPU1T,4,97.55,512.00,237.18,246.63,506.05,118.21
7638,CPU1T,4,102.54,512.00,237.20,246.63,512.46,133.88
7745,CPU1T,4,102.69,512.00,237.21,246.63,512.66,112.36
7856,CPU1T,4,102.76,512.00,237.23,246.63,512.66,90.06
7960,CPU1T,4,102.80,512.00,237.24,246.63,512.66,96.52
8064,CPU1T,4,103.42,512.00,252.78,262.21,523.48,153.29
8186,CPU1T,5,114.60,512.00,262.46,271.83,541.33,179.83
8291,CPU1T,5,114.70,512.00,262.47,271.83,541.54,171.44
8397,CPU1T,5,114.74,512.00,262.49,271.83,541.54,160.16
8503,CPU1T,5,114.81,512.00,262.50,271.83,541.54,76.13
8608,CPU1T,5,101.21,512.00,263.38,272.76,529.29,161.04
8713,CPU1T,6,102.01,512.00,253.61,262.95,522.59,239.29
8816,CPU1T,6,112.70,512.00,254.77,264.13,535.60,163.83
8920,CPU1T,6,112.74,512.00,254.78,264.13,535.60,163.49
9023,CPU1T,6,112.81,512.00,254.80,264.13,535.60,107.28
9131,CPU1T,6,113.41,512.00,293.86,303.18,568.16,204.17
9245,CPU1T,7,114.20,512.00,310.31,319.63,590.57,342.01
9359,CPU1T,7,124.83,512.00,293.63,302.95,585.48,270.24
9468,CPU1T,7,110.59,512.00,237.60,246.96,522.41,247.49
9576,CPU1T,7,110.66,512.00,237.60,246.96,522.41,130.30
9689,CPU1T,7,111.28,512.00,276.67,286.01,554.92,257.13
9794,CPU1T,8,112.06,512.00,275.30,284.59,559.33,256.36
9898,CPU1T,8,122.69,512.00,276.44,285.78,572.50,182.73
10003,CPU1T,8,122.77,512.00,276.46,285.78,572.60,199.92
10112,CPU1T,8,122.87,512.00,276.47,285.78,572.60,109.74
10216,CPU1T,8,123.42,512.00,288.65,297.55,578.90,135.31
10319,CPU1T,9,124.19,512.00,301.94,310.86,578.21,202.69
10422,CPU1T,9,102.18,512.00,263.66,272.99,535.61,293.18
10527,CPU1T,9,102.25,512.00,237.61,246.96,513.96,238.58
10636,CPU1T,9,102.36,512.00,237.63,246.96,513.96,164.86
10742,CPU1T,9,102.68,512.00,237.65,246.96,514.17,122.36
10846,CPU1T,9,103.26,512.00,249.29,258.65,534.53,173.82
10949,CPU1T,10,109.38,512.00,276.49,285.78,559.07,356.74
11056,CPU1T,10,114.18,512.00,276.48,285.78,563.97,233.38
11163,CPU1T,10,114.22,512.00,276.49,285.78,563.97,206.17
11271,CPU1T,10,114.53,512.00,276.51,285.78,564.18,120.29
11381,CPU1T,10,115.16,512.00,307.73,316.97,592.42,273.82
11489,CPU1T,11,116.84,512.00,316.49,325.77,605.48,368.60
11601,CPU1T,11,108.09,512.00,237.64,246.96,520.53,233.26
11710,CPU1T,11,108.16,512.00,237.65,246.96,520.53,210.38
11818,CPU1T,11,108.47,512.00,237.67,246.96,520.53,111.33
11927,CPU1T,11,109.05,512.00,276.73,286.01,556.37,274.86
12040,CPU1T,12,109.28,512.00,275.38,284.59,556.89,326.58
12149,CPU1T,12,119.91,512.00,276.50,285.78,570.42,267.03
12256,CPU1T,12,120.02,512.00,276.52,285.78,570.42,224.24
12364,CPU1T,12,120.33,512.00,276.53,285.78,570.63,129.28
12472,CPU1T,12,120.91,512.00,315.60,324.82,598.96,241.29
12582,CPU1T,13,91.56,512.00,301.56,310.77,567.37,355.54
12692,CPU1T,13,102.31,512.00,258.47,267.80,533.20,306.73
12802,CPU1T,13,102.63,512.00,258.49,267.80,533.40,200.60
12910,CPU1T,13,102.70,512.00,258.51,267.80,533.40,139.14
13022,CPU1T,13,103.30,512.00,270.75,279.58,542.34,178.18
13131,CPU1T,14,103.55,512.00,283.86,292.85,536.53,265.84
13235,CPU1T,14,114.18,512.00,297.37,306.61,584.85,335.99
13341,CPU1T,14,114.49,512.00,297.36,306.61,585.06,235.98
13448,CPU1T,14,114.60,512.00,297.37,306.61,585.06,187.50
13556,CPU1T,14,114.68,512.00,297.38,306.61,585.06,110.70
13664,CPU1T,14,115.27,512.00,316.82,326.10,602.98,343.27
13772,CPU1T,15,97.50,512.00,258.48,267.80,531.29,296.57
13877,CPU1T,15,102.56,512.00,258.51,267.80,536.91,181.87
13980,CPU1T,15,102.63,512.00,258.53,267.80,536.91,154.28
14084,CPU1T,15,102.67,512.00,258.54,267.80,536.91,96.83
14188,CPU1T,15,103.26,512.00,285.76,295.06,554.88,134.63
14299,CPU1T,16,103.51,512.00,283.88,292.85,540.56,153.09
14403,CPU1T,16,114.38,512.00,297.37,306.61,584.29,211.79
14507,CPU1T,16,114.48,512.00,297.45,306.61,584.38,173.05
14612,CPU1T,16,114.55,512.00,297.40,306.61,584.18,132.92
14716,CPU1T,16,114.59,512.00,297.41,306.61,584.14,96.49
14819,CPU1T,16,101.48,512.00,276.77,286.01,551.66,182.77
14923,CPU1T,17,108.21,512.00,276.53,285.78,557.16,231.23
15027,CPU1T,17,113.00,512.00,276.54,285.78,561.80,144.30
15129,CPU1T,17,113.04,512.00,276.56,285.78,561.80,166.95
15231,CPU1T,17,113.12,512.00,276.57,285.78,561.80,107.46
15336,CPU1T,17,113.70,512.00,315.64,324.82,596.53,143.18
15440,CPU1T,18,114.48,512.00,315.39,324.59,601.16,221.80
15542,CPU1T,18,125.11,512.00,315.41,324.59,612.48,157.18
15645,CPU1T,18,125.25,512.00,315.43,324.59,612.42,164.05
15749,CPU1T,18,125.32,512.00,315.44,324.59,612.42,115.37
15854,CPU1T,18,111.40,512.00,276.80,286.01,557.41,228.15
15960,CPU1T,19,118.03,512.00,276.57,285.78,564.36,256.62
16063,CPU1T,19,122.82,512.00,276.57,285.78,571.68,183.54
16170,CPU1T,19,122.90,512.00,276.60,285.78,571.88,187.73
16277,CPU1T,19,122.98,512.00,276.60,285.78,571.88,111.83
16383,CPU1T,19,123.80,512.00,315.67,324.82,609.66,189.61
16487,CPU1T,20,130.16,512.00,315.54,324.59,614.13,324.83
16594,CPU1T,20,102.15,512.00,263.77,272.99,531.00,317.04
16707,CPU1T,20,102.22,512.00,237.76,246.96,513.04,204.19
16818,CPU1T,20,102.30,512.00,237.78,246.96,513.04,108.68
16927,CPU1T,20,103.16,512.00,269.00,278.16,545.24,172.85
17032,CPU1T,21,114.24,512.00,276.60,285.78,560.85,288.08
17138,CPU1T,21,114.32,512.00,276.62,285.78,563.12,206.69
17247,CPU1T,21,114.42,512.00,276.63,285.78,563.12,174.53
17356,CPU1T,21,114.46,512.00,276.65,285.78,563.12,109.63
17465,CPU1T,21,115.32,512.00,315.71,324.82,602.92,295.57
17571,CPU1T,22,112.68,512.00,296.67,305.83,580.51,357.19
17677,CPU1T,22,112.78,512.00,237.78,246.96,523.52,264.58
17782,CPU1T,22,112.86,512.00,237.80,246.96,523.52,189.65
17890,CPU1T,22,112.94,512.00,237.81,246.96,523.52,111.84
17999,CPU1T,22,113.76,512.00,276.88,286.01,563.55,274.24
18108,CPU1T,23,114.29,512.00,275.52,284.59,560.67,329.06
18216,CPU1T,23,124.92,512.00,276.64,285.78,573.68,120.60
18326,CPU1T,23,124.95,512.00,276.66,285.78,573.88,109.26
18434,CPU1T,23,125.05,512.00,276.66,285.78,573.63,111.36
18543,CPU1T,23,125.85,512.00,315.74,324.82,602.55,293.25
18659,CPU1T,24,92.01,512.00,246.92,256.04,491.36,275.92
18766,CPU1T,24,102.64,512.00,262.55,271.70,537.70,242.38
18875,CPU1T,24,102.72,512.00,262.57,271.70,537.70,119.33
18985,CPU1T,24,103.03,512.00,262.59,271.70,537.91,126.98
19094,CPU1T,24,103.10,512.00,262.59,271.70,537.71,146.53
19202,CPU1T,25,104.18,512.00,287.66,296.73,539.24,297.56
19308,CPU1T,25,114.81,512.00,301.41,310.52,588.00,255.60
19416,CPU1T,25,114.85,512.00,301.42,310.52,588.00,110.50
19526,CPU1T,25,115.16,512.00,301.44,310.52,588.21,128.03
19637,CPU1T,25,115.27,512.00,301.57,310.52,587.96,143.49
19746,CPU1T,25,101.50,512.00,257.33,266.45,526.69,312.17
19852,CPU1T,26,112.59,512.00,276.62,285.78,561.47,236.73
19956,CPU1T,26,112.67,512.00,276.64,285.78,561.47,105.88
20060,CPU1T,26,112.98,512.00,276.66,285.78,561.68,105.68
20164,CPU1T,26,113.05,512.00,276.67,285.78,561.43,105.24
20269,CPU1T,26,113.64,512.00,288.38,297.46,578.23,248.35
20379,CPU1T,27,124.71,512.00,315.49,324.59,612.12,290.73
20493,CPU1T,27,102.12,512.00,237.81,246.96,512.75,184.41
20599,CPU1T,27,102.49,512.00,237.83,246.96,512.96,131.68
20705,CPU1T,27,102.59,512.00,237.85,246.96,512.70,103.48
20812,CPU1T,27,103.18,512.00,276.93,286.01,545.86,282.35
20916,CPU1T,28,103.40,512.00,275.56,284.59,549.63,230.59
21020,CPU1T,28,114.04,512.00,276.70,285.78,562.74,115.09
21127,CPU1T,28,114.37,512.00,276.72,285.78,562.94,111.95
21231,CPU1T,28,114.44,512.00,276.72,285.78,562.73,106.19
21337,CPU1T,28,115.06,512.00,315.78,324.82,595.66,217.46
21444,CPU1T,29,115.28,512.00,314.40,323.41,600.73,306.36
21549,CPU1T,29,112.95,512.00,237.85,246.96,523.86,152.67
21654,CPU1T,29,113.02,512.00,237.87,246.96,523.86,114.09
21765,CPU1T,29,113.09,512.00,237.85,246.96,523.58,98.94
21869,CPU1T,29,113.68,512.00,276.92,286.01,552.00,202.44
21974,CPU1T,30,114.15,512.00,293.36,302.46,578.20,239.08
22078,CPU1T,30,125.03,512.00,276.68,285.78,573.56,143.50
22188,CPU1T,30,125.10,512.00,276.70,285.78,573.56,118.36
22299,CPU1T,30,125.17,512.00,276.72,285.78,573.56,108.28
22408,CPU1T,30,125.79,512.00,303.93,313.04,601.52,200.85
22512,CPU1T,31,126.01,512.00,301.97,310.79,586.61,232.63
22619,CPU1T,31,102.45,512.00,239.90,249.04,514.20,185.74
22728,CPU1T,31,102.52,512.00,239.91,249.04,514.20,110.36
22837,CPU1T,31,102.59,512.00,239.94,249.04,514.02,109.66
22946,CPU1T,31,103.18,512.00,252.04,260.82,517.19,175.58
23052,CPU1T,32,103.35,512.00,243.85,252.94,515.75,348.68
23158,CPU1T,32,114.30,512.00,278.77,287.85,565.13,234.88
23266,CPU1T,32,114.37,512.00,278.79,287.85,565.13,111.11
23376,CPU1T,32,114.45,512.00,278.80,287.85,565.13,109.10
23484,CPU1T,32,115.04,512.00,290.79,299.63,565.70,232.76
23614,CPU1T,33,115.86,512.00,304.15,312.90,556.96,282.80
23719,CPU1T,33,102.33,512.00,258.69,267.80,535.68,230.40
23831,CPU1T,33,102.37,512.00,258.71,267.80,535.68,106.78
23941,CPU1T,33,102.45,512.00,258.73,267.80,535.68,118.07
24051,CPU1T,33,102.53,512.00,258.73,267.80,535.67,154.83
24160,CPU1T,33,103.38,512.00,274.28,283.64,545.52,338.63
24267,CPU1T,34,114.15,512.00,297.55,306.86,583.49,299.04
24377,CPU1T,34,114.22,512.00,297.57,306.86,583.69,109.46
24486,CPU1T,34,114.26,512.00,297.58,306.86,583.69,109.53
24597,CPU1T,34,114.34,512.00,297.60,306.86,583.44,107.97
24709,CPU1T,34,101.22,512.00,309.28,318.55,579.87,367.60
24815,CPU1T,35,101.72,512.00,275.60,284.84,551.56,349.71
24923,CPU1T,35,112.36,512.00,276.72,286.03,563.21,119.90
25036,CPU1T,35,112.44,512.00,276.74,286.03,563.21,114.99
25144,CPU1T,35,112.51,512.00,276.75,286.03,563.21,101.87
25254,CPU1T,35,113.36,512.00,315.82,325.07,592.31,327.00
25358,CPU1T,36,113.60,512.00,302.07,311.04,577.57,318.18
25463,CPU1T,36,124.23,512.00,315.59,324.84,612.21,162.15
25572,CPU1T,36,124.30,512.00,315.61,324.84,612.21,110.06
25683,CPU1T,36,124.56,512.00,315.63,324.84,612.16,125.62
25804,CPU1T,36,125.24,512.00,327.62,336.62,623.94,207.79
25908,CPU1T,37,111.28,512.00,263.21,272.21,536.01,317.74
26012,CPU1T,37,121.91,512.00,276.74,286.03,570.93,143.06
26120,CPU1T,37,121.99,512.00,276.76,286.03,570.93,120.59
26233,CPU1T,37,122.30,512.00,276.78,286.03,571.14,132.67
26343,CPU1T,37,122.92,512.00,288.70,297.80,583.39,236.96
26448,CPU1T,38,123.27,512.00,302.10,311.06,584.42,313.50
26555,CPU1T,38,102.06,512.00,278.09,287.32,563.58,234.05
26663,CPU1T,38,102.19,512.00,237.95,247.21,513.44,139.61
26773,CPU1T,38,102.50,512.00,237.96,247.21,513.22,135.22
26884,CPU1T,38,103.16,512.00,250.07,258.99,524.40,226.06
27000,CPU1T,39,103.67,512.00,263.26,272.23,527.91,311.77
27105,CPU1T,39,114.30,512.00,276.78,286.03,563.23,217.99
27217,CPU1T,39,114.34,512.00,276.80,286.03,563.23,115.64
27327,CPU1T,39,114.65,512.00,276.82,286.03,563.44,118.33
27450,CPU1T,39,115.25,512.00,289.06,297.80,571.67,219.81
27557,CPU1T,40,115.51,512.00,302.17,311.07,569.68,318.12
27662,CPU1T,40,111.45,512.00,278.06,287.32,558.21,265.94
27772,CPU1T,40,111.82,512.00,237.96,247.21,522.48,155.65
27882,CPU1T,40,111.89,512.00,237.96,247.21,522.23,117.29
27992,CPU1T,40,112.51,512.00,250.07,258.99,528.08,182.18
28110,CPU1T,41,112.80,512.00,263.31,272.26,533.07,340.20
28219,CPU1T,41,123.44,512.00,276.80,286.03,572.25,255.53
28329,CPU1T,41,123.74,512.00,276.81,286.03,572.45,127.14
28439,CPU1T,41,123.81,512.00,276.83,286.03,572.46,109.97
28548,CPU1T,41,123.88,512.00,276.84,286.03,572.21,155.43
28656,CPU1T,41,124.44,512.00,296.37,305.52,587.94,389.04
28769,CPU1T,42,102.10,512.00,296.89,306.08,569.70,301.06
28877,CPU1T,42,102.50,512.00,237.97,247.21,513.54,175.47
28987,CPU1T,42,102.57,512.00,237.98,247.21,513.54,109.20
29094,CPU1T,42,102.61,512.00,238.00,247.21,513.29,112.51
29201,CPU1T,42,103.24,512.00,277.09,286.26,550.66,317.20
29307,CPU1T,43,103.71,512.00,275.71,284.84,550.08,348.94
29416,CPU1T,43,114.60,512.00,276.86,286.03,563.08,119.06
29525,CPU1T,43,114.67,512.00,276.87,286.03,563.29,109.98
29635,CPU1T,43,114.74,512.00,276.88,286.03,563.00,109.52
29744,CPU1T,43,115.33,512.00,315.95,325.07,592.01,310.07
29851,CPU1T,44,115.79,512.00,318.32,327.45,598.11,310.69
29960,CPU1T,44,108.00,512.00,238.00,247.21,519.25,255.57
30072,CPU1T,44,108.08,512.00,238.01,247.21,519.25,98.09
30183,CPU1T,44,108.15,512.00,238.03,247.21,519.25,108.72
30299,CPU1T,44,108.78,512.00,250.07,258.99,531.13,274.66
30407,CPU1T,45,109.54,512.00,263.37,272.26,531.48,314.71
30511,CPU1T,45,120.17,512.00,276.85,286.03,569.19,241.18
30621,CPU1T,45,120.27,512.00,276.87,286.03,569.19,109.25
30729,CPU1T,45,120.35,512.00,276.88,286.03,569.19,110.53
30838,CPU1T,45,120.43,512.00,276.92,286.03,568.93,155.92
30946,CPU1T,45,121.25,512.00,300.23,309.42,588.52,362.45
31055,CPU1T,46,102.22,512.00,262.72,271.95,537.57,283.65
31164,CPU1T,46,102.29,512.00,262.73,271.95,537.75,101.07
31272,CPU1T,46,102.37,512.00,262.75,271.95,537.75,111.12
31381,CPU1T,46,102.45,512.00,262.75,271.95,537.54,110.50
31488,CPU1T,46,103.30,512.00,274.42,283.64,553.85,353.79
31596,CPU1T,47,109.67,512.00,301.56,310.77,581.92,352.49
31704,CPU1T,47,114.43,512.00,301.59,310.77,587.85,111.00
31812,CPU1T,47,114.47,512.00,301.60,310.77,587.85,101.48
31921,CPU1T,47,114.78,512.00,301.62,310.77,587.80,128.93
32029,CPU1T,47,101.46,512.00,297.18,306.31,561.62,288.18
32137,CPU1T,48,101.99,512.00,293.55,302.71,561.32,357.95
32245,CPU1T,48,112.63,512.00,276.87,286.03,561.61,130.75
32354,CPU1T,48,112.71,512.00,276.89,286.03,561.61,119.21
32462,CPU1T,48,113.01,512.00,276.90,286.03,561.81,119.41
32574,CPU1T,48,113.63,512.00,315.97,325.07,591.40,287.27
32688,CPU1T,49,114.20,512.00,313.67,322.77,598.51,342.27
32798,CPU1T,49,102.06,512.00,278.22,287.32,549.16,235.72
32907,CPU1T,49,102.20,512.00,238.07,247.21,513.25,147.06
33017,CPU1T,49,102.51,512.00,238.09,247.21,513.20,126.60
33129,CPU1T,49,103.20,512.00,250.02,258.99,525.48,288.11
33236,CPU1T,50,103.70,512.00,262.12,270.84,529.30,297.51
33344,CPU1T,50,114.33,512.00,274.50,283.61,560.81,176.93
33453,CPU1T,50,114.37,512.00,274.51,283.61,560.81,109.73
33563,CPU1T,50,114.71,512.00,274.53,283.61,561.02,126.62
33684,CPU1T,50,115.33,512.00,286.64,295.38,571.66,231.58
33789,CPU1T,51,115.67,512.00,299.01,307.67,565.20,305.40
33896,CPU1T,51,111.45,512.00,275.42,284.54,559.34,271.46
34005,CPU1T,51,111.82,512.00,236.43,245.55,518.41,174.21
34115,CPU1T,51,111.89,512.00,236.45,245.55,518.16,109.18
34225,CPU1T,51,111.96,512.00,236.46,245.55,518.16,136.62
34333,CPU1T,51,112.58,512.00,255.98,265.04,536.10,359.76
34441,CPU1T,52,123.52,512.00,260.24,269.33,554.46,298.03
34551,CPU1T,52,123.83,512.00,260.26,269.33,554.67,135.96
34659,CPU1T,52,123.90,512.00,260.27,269.33,554.67,101.63
34765,CPU1T,52,123.97,512.00,260.29,269.33,554.42,104.04
34872,CPU1T,52,124.52,512.00,299.35,308.37,584.59,328.00
34980,CPU1T,53,124.94,512.00,297.35,306.40,592.84,295.61
35088,CPU1T,53,102.44,512.00,236.40,245.52,511.56,166.33
35197,CPU1T,53,102.51,512.00,236.42,245.52,511.56,109.64
35310,CPU1T,53,102.58,512.00,236.43,245.52,511.56,106.42
35419,CPU1T,53,103.17,512.00,248.73,257.30,522.84,276.84
35526,CPU1T,54,103.61,512.00,260.89,269.63,513.11,278.70
35632,CPU1T,54,114.60,512.00,273.55,282.63,560.39,254.22
35742,CPU1T,54,114.67,512.00,273.57,282.63,560.60,100.43
35852,CPU1T,54,114.74,512.00,273.58,282.63,560.60,118.52
35962,CPU1T,54,114.78,512.00,273.59,282.63,560.35,135.89
36071,CPU1T,54,115.61,512.00,312.66,321.67,599.76,359.34
36179,CPU1T,55,103.25,512.00,310.71,319.73,583.21,324.03
36288,CPU1T,55,108.08,512.00,236.46,245.55,517.84,173.03
36396,CPU1T,55,108.15,512.00,236.48,245.55,517.84,102.51
36505,CPU1T,55,108.23,512.00,236.49,245.55,517.80,109.66
36613,CPU1T,55,109.08,512.00,263.78,272.81,545.98,278.61
36718,CPU1T,56,109.49,512.00,289.20,298.26,569.28,285.13
36823,CPU1T,56,120.12,512.00,273.49,282.54,565.50,114.08
36931,CPU1T,56,120.15,512.00,273.51,282.54,565.48,102.12
37038,CPU1T,56,120.23,512.00,273.52,282.54,565.22,111.74
37147,CPU1T,56,121.09,512.00,285.32,294.32,578.08,294.19
37260,CPU1T,57,91.56,512.00,266.85,275.45,520.66,344.86
37373,CPU1T,57,102.28,512.00,256.14,265.24,530.40,195.23
37483,CPU1T,57,102.36,512.00,256.15,265.24,530.40,109.27
37591,CPU1T,57,102.59,512.00,256.18,265.24,530.62,120.08
37698,CPU1T,57,102.74,512.00,256.18,265.24,530.43,186.36
37810,CPU1T,58,103.72,512.00,278.45,287.49,532.67,331.80
37916,CPU1T,58,114.39,512.00,293.25,302.30,579.38,216.44
38026,CPU1T,58,114.46,512.00,293.26,302.30,579.58,118.66
38138,CPU1T,58,114.80,512.00,293.28,302.30,579.58,124.90
38268,CPU1T,58,101.43,512.00,305.15,314.07,578.46,222.46
38378,CPU1T,59,101.89,512.00,260.83,269.52,512.06,301.32
38484,CPU1T,59,112.56,512.00,273.52,282.57,558.41,252.85
38595,CPU1T,59,112.64,512.00,273.54,282.57,558.52,108.59
38704,CPU1T,59,112.94,512.00,273.56,282.57,558.52,136.75
38815,CPU1T,59,113.01,512.00,273.58,282.57,558.47,136.34
38931,CPU1T,59,113.60,512.00,293.11,302.06,574.60,359.45
39040,CPU1T,60,102.10,512.00,293.08,302.07,566.25,293.39
39148,CPU1T,60,102.35,512.00,236.70,245.72,510.48,168.05
39256,CPU1T,60,102.57,512.00,236.71,245.72,510.68,110.59
39363,CPU1T,60,102.64,512.00,236.72,245.72,510.48,111.73
39472,CPU1T,60,103.23,512.00,275.78,284.77,549.27,331.59
39579,CPU1T,61,109.44,512.00,260.45,269.45,537.31,338.00
39686,CPU1T,61,114.45,512.00,260.47,269.45,545.26,129.87
39795,CPU1T,61,114.52,512.00,260.49,269.45,545.26,110.67
39905,CPU1T,61,114.60,512.00,260.50,269.45,545.00,99.50
40013,CPU1T,61,115.21,512.00,299.56,308.49,581.89,296.62
40120,CPU1T,62,116.67,512.00,285.37,294.32,571.99,317.54
40228,CPU1T,62,108.31,512.00,236.50,245.52,516.86,176.22
40337,CPU1T,62,108.38,512.00,236.51,245.52,517.06,109.80
40446,CPU1T,62,108.45,512.00,236.53,245.52,517.06,101.65
40553,CPU1T,62,109.07,512.00,275.59,284.56,545.33,280.54
40663,CPU1T,63,109.41,512.00,276.19,285.17,555.32,298.07
40772,CPU1T,63,120.28,512.00,260.38,269.35,551.86,165.01
40884,CPU1T,63,120.36,512.00,260.40,269.35,551.86,116.79
40992,CPU1T,63,120.44,512.00,260.41,269.35,551.64,101.19
41102,CPU1T,63,121.03,512.00,272.71,281.13,561.15,281.88
41220,CPU1T,64,91.61,512.00,271.45,279.98,520.98,255.76
41325,CPU1T,64,102.56,512.00,256.36,265.40,530.53,218.15
41433,CPU1T,64,102.63,512.00,256.38,265.40,530.70,110.85
41543,CPU1T,64,102.70,512.00,256.39,265.40,530.70,109.49
41652,CPU1T,64,102.74,512.00,256.39,265.40,530.45,138.04
41758,CPU1T,64,103.57,512.00,295.46,304.44,565.11,348.91
41867,CPU1T,65,109.79,512.00,280.27,289.26,560.46,328.31
41975,CPU1T,65,114.56,512.00,280.29,289.26,565.62,102.28
42079,CPU1T,65,114.63,512.00,280.31,289.26,565.62,105.25
42189,CPU1T,65,114.67,512.00,280.32,289.26,565.36,109.84
42298,CPU1T,65,115.50,512.00,319.39,328.30,599.63,302.27
42406,CPU1T,66,91.97,512.00,259.23,268.16,520.85,351.41
42514,CPU1T,66,102.57,512.00,260.36,269.34,534.52,138.97
42623,CPU1T,66,102.65,512.00,260.38,269.34,534.52,110.25
42731,CPU1T,66,102.72,512.00,260.39,269.34,534.52,101.97
42839,CPU1T,66,103.06,512.00,260.40,269.34,534.73,211.93
42950,CPU1T,66,103.65,512.00,279.95,288.83,549.36,307.14
43057,CPU1T,67,109.85,512.00,284.26,293.18,565.90,325.40
43167,CPU1T,67,114.62,512.00,284.28,293.18,570.02,100.57
43277,CPU1T,67,114.69,512.00,284.30,293.18,570.02,108.70
43387,CPU1T,67,115.01,512.00,284.32,293.18,569.91,136.75
43509,CPU1T,67,101.54,512.00,271.87,280.86,538.24,310.70
43617,CPU1T,68,101.89,512.00,247.86,256.38,506.71,314.86
43724,CPU1T,68,112.53,512.00,260.48,269.42,543.91,206.39
43834,CPU1T,68,112.84,512.00,260.49,269.42,544.09,118.33
43943,CPU1T,68,112.91,512.00,260.51,269.42,544.09,119.21
44053,CPU1T,68,112.99,512.00,260.52,269.42,543.84,144.42
44160,CPU1T,68,113.58,512.00,299.58,308.46,584.28,345.46
44268,CPU1T,69,119.80,512.00,284.21,293.10,571.46,327.00
44375,CPU1T,69,124.80,512.00,284.23,293.10,579.93,120.51
44484,CPU1T,69,124.87,512.00,284.25,293.10,579.93,110.82
44594,CPU1T,69,124.90,512.00,284.26,293.10,579.67,109.10
44706,CPU1T,69,111.35,512.00,296.11,304.88,562.82,312.35
44816,CPU1T,70,111.69,512.00,247.78,256.31,508.33,263.51
44923,CPU1T,70,122.63,512.00,260.45,269.37,554.23,224.57
45031,CPU1T,70,122.70,512.00,260.46,269.37,554.43,110.38
45141,CPU1T,70,122.78,512.00,260.48,269.37,554.43,109.46
45248,CPU1T,70,122.85,512.00,260.50,269.37,554.22,130.47
45357,CPU1T,70,123.41,512.00,299.54,308.41,588.32,332.27
45462,CPU1T,71,123.96,512.00,283.10,291.91,576.02,333.60
45569,CPU1T,71,102.17,512.00,236.63,245.57,510.20,176.69
45678,CPU1T,71,102.27,512.00,236.65,245.57,510.20,110.38
45790,CPU1T,71,102.35,512.00,236.66,245.57,510.20,106.60
45899,CPU1T,71,103.01,512.00,248.90,257.35,518.44,276.68
46020,CPU1T,72,103.56,512.00,247.84,256.32,506.36,337.56
46126,CPU1T,72,114.19,512.00,260.47,269.36,545.31,199.35
46235,CPU1T,72,114.27,512.00,260.48,269.36,545.31,109.69
46344,CPU1T,72,114.34,512.00,260.50,269.36,545.31,110.13
46453,CPU1T,72,114.65,512.00,260.52,269.36,545.45,155.29
46562,CPU1T,72,115.23,512.00,299.58,308.41,583.98,379.18
46671,CPU1T,73,121.44,512.00,284.29,293.14,565.40,348.73
46782,CPU1T,73,108.08,512.00,236.68,245.61,516.49,143.87
46893,CPU1T,73,108.16,512.00,236.70,245.61,516.49,117.24
47002,CPU1T,73,108.47,512.00,236.72,245.61,516.69,118.37
47109,CPU1T,73,109.09,512.00,263.95,272.86,544.28,282.38
47214,CPU1T,74,109.44,512.00,247.34,256.20,525.13,276.05
47319,CPU1T,74,120.06,512.00,260.29,269.16,551.34,141.90
47430,CPU1T,74,120.10,512.00,260.31,269.16,551.34,117.93
47540,CPU1T,74,120.42,512.00,260.32,269.16,551.29,126.33
47650,CPU1T,74,120.49,512.00,260.34,269.16,551.27,164.46
47758,CPU1T,74,121.09,512.00,279.88,288.65,567.00,389.31
47867,CPU1T,75,97.53,512.00,256.25,265.20,521.47,310.89
47975,CPU1T,75,102.35,512.00,256.27,265.20,527.91,120.34
48084,CPU1T,75,102.63,512.00,256.29,265.20,527.91,119.92
48196,CPU1T,75,102.73,512.00,256.30,265.20,527.91,115.76
48305,CPU1T,75,103.28,512.00,283.59,292.45,556.10,347.21
48414,CPU1T,76,103.63,512.00,267.38,275.86,534.22,293.50
48520,CPU1T,76,114.50,512.00,279.94,288.81,565.25,208.82
48629,CPU1T,76,114.57,512.00,279.96,288.81,565.25,110.01
48737,CPU1T,76,114.65,512.00,279.97,288.81,565.00,110.55
48846,CPU1T,76,114.72,512.00,279.97,288.81,564.96,156.16
48954,CPU1T,76,115.34,512.00,319.04,327.86,604.36,332.80
49063,CPU1T,77,92.25,512.00,262.70,271.57,517.26,304.74
49167,CPU1T,77,102.88,512.00,260.28,269.15,536.26,152.87
49276,CPU1T,77,102.95,512.00,260.30,269.15,536.26,110.52
49386,CPU1T,77,103.03,512.00,260.32,269.15,536.46,99.59
49494,CPU1T,77,103.10,512.00,260.34,269.15,536.21,185.64
49621,CPU1T,77,103.95,512.00,275.88,284.74,547.18,356.08
49730,CPU1T,78,114.96,512.00,297.30,306.11,583.17,246.86
49837,CPU1T,78,115.04,512.00,297.31,306.11,583.17,111.52
49946,CPU1T,78,115.11,512.00,297.33,306.11,583.17,110.12
50057,CPU1T,78,115.39,512.00,297.34,306.11,583.09,135.25
50166,CPU1T,78,101.55,512.00,275.61,284.45,544.36,386.65
50275,CPU1T,79,102.03,512.00,274.76,283.62,548.03,329.78
50382,CPU1T,79,112.66,512.00,273.60,282.44,558.08,112.83
50492,CPU1T,79,112.74,512.00,273.62,282.44,558.08,109.00
50604,CPU1T,79,113.08,512.00,273.64,282.44,558.29,115.64
50712,CPU1T,79,113.66,512.00,285.86,294.21,567.78,260.34
50819,CPU1T,80,114.08,512.00,277.54,286.34,559.05,305.92
50926,CPU1T,80,124.73,512.00,310.51,319.30,605.76,253.37
51034,CPU1T,80,124.80,512.00,310.52,319.30,605.97,101.50
51143,CPU1T,80,110.61,512.00,236.48,245.31,518.65,210.87
51251,CPU1T,80,110.71,512.00,236.50,245.31,518.59,120.72
51357,CPU1T,80,111.33,512.00,275.54,284.36,555.04,320.26
51465,CPU1T,81,111.73,512.00,272.31,281.10,552.86,324.66
51571,CPU1T,81,122.37,512.00,273.46,282.28,566.55,151.40
51683,CPU1T,81,122.68,512.00,273.48,282.28,566.77,133.38
51794,CPU1T,81,122.75,512.00,273.50,282.28,566.51,108.56
51902,CPU1T,81,122.83,512.00,273.51,282.28,566.73,193.45
52011,CPU1T,81,123.45,512.00,292.96,301.77,583.21,349.06
52123,CPU1T,82,102.12,512.00,261.69,270.45,535.38,278.10
52231,CPU1T,82,102.52,512.00,236.51,245.33,510.89,129.42
52338,CPU1T,82,102.59,512.00,236.53,245.33,510.89,111.71
52447,CPU1T,82,102.69,512.00,236.55,245.33,510.38,110.44
52554,CPU1T,82,103.24,512.00,275.59,284.38,544.00,336.96
52667,CPU1T,83,103.96,512.00,271.49,280.27,545.27,309.24
52776,CPU1T,83,114.60,512.00,273.51,282.30,558.94,146.71
52888,CPU1T,83,114.67,512.00,273.53,282.30,558.94,107.09
52997,CPU1T,83,114.74,512.00,273.55,282.30,558.68,110.61
53107,CPU1T,83,114.81,512.00,273.57,282.30,559.30,190.18
53223,CPU1T,83,115.64,512.00,293.01,301.79,574.96,380.41
53331,CPU1T,84,107.99,512.00,249.86,258.68,529.72,276.38
53439,CPU1T,84,108.09,512.00,236.61,245.42,516.89,120.92
53545,CPU1T,84,108.17,512.00,236.63,245.42,516.89,103.16
53655,CPU1T,84,108.25,512.00,236.64,245.42,516.64,109.64
53760,CPU1T,84,109.10,512.00,275.71,284.46,546.52,360.67
53864,CPU1T,85,109.57,512.00,261.06,269.42,532.27,288.68
53970,CPU1T,85,120.20,512.00,273.64,282.41,565.01,208.06
54081,CPU1T,85,120.24,512.00,273.66,282.41,565.01,107.75
54190,CPU1T,85,120.53,512.00,273.68,282.41,565.22,128.43
54298,CPU1T,85,120.62,512.00,273.68,282.41,565.00,157.95
54404,CPU1T,85,121.22,512.00,312.74,321.45,604.75,339.29
54511,CPU1T,86,91.68,512.00,255.23,264.01,517.89,344.73
54619,CPU1T,86,102.31,512.00,256.37,265.19,529.81,102.47
54729,CPU1T,86,102.62,512.00,256.39,265.19,529.81,126.47
54837,CPU1T,86,102.70,512.00,256.40,265.19,530.02,111.09
54947,CPU1T,86,103.29,512.00,268.58,276.97,536.12,272.30
55057,CPU1T,86,103.39,512.00,271.96,280.78,542.68,301.43
55167,CPU1T,87,114.26,512.00,279.69,288.45,564.80,253.54
55277,CPU1T,87,114.57,512.00,279.70,288.45,565.02,109.18
55385,CPU1T,87,114.65,512.00,279.72,288.45,565.02,111.14
55496,CPU1T,87,114.76,512.00,279.86,288.45,564.76,126.74
55609,CPU1T,87,101.50,512.00,277.31,286.33,538.32,370.82
55715,CPU1T,88,101.88,512.00,275.25,284.26,547.75,274.78
55821,CPU1T,88,112.75,512.00,272.90,281.90,556.87,159.03
55929,CPU1T,88,112.83,512.00,272.91,281.90,557.07,111.08
56039,CPU1T,88,112.90,512.00,272.93,281.90,557.07,110.05
56150,CPU1T,88,113.49,512.00,285.18,293.68,563.45,207.22
56259,CPU1T,89,113.98,512.00,297.04,305.59,563.30,329.86
56366,CPU1T,89,102.18,512.00,236.18,245.19,510.27,261.58
56474,CPU1T,89,102.25,512.00,236.19,245.19,510.27,111.17
56583,CPU1T,89,102.33,512.00,236.21,245.19,510.27,100.86
56690,CPU1T,89,102.43,512.00,236.23,245.19,510.05,131.00
56799,CPU1T,89,103.25,512.00,275.28,284.23,543.47,374.07
56909,CPU1T,90,103.63,512.00,271.57,280.48,544.45,308.46
57017,CPU1T,90,114.26,512.00,272.70,281.66,557.43,139.38
57125,CPU1T,90,114.29,512.00,272.72,281.66,557.64,119.85
57236,CPU1T,90,114.37,512.00,272.73,281.66,557.64,108.49
57343,CPU1T,90,115.20,512.00,272.71,281.66,558.13,279.69
57469,CPU1T,91,115.58,512.00,296.98,305.34,565.11,214.67
57576,CPU1T,91,108.02,512.00,236.18,245.17,516.27,234.40
57685,CPU1T,91,108.09,512.00,236.20,245.17,516.27,110.36
57793,CPU1T,91,108.17,512.00,236.20,245.17,516.02,110.18
57903,CPU1T,91,108.51,512.00,236.22,245.17,515.97,164.58
58011,CPU1T,91,109.09,512.00,275.27,284.21,555.70,331.34
58119,CPU1T,92,115.38,512.00,272.61,281.56,555.07,371.28
58227,CPU1T,92,120.14,512.00,272.63,281.56,563.84,102.37
58336,CPU1T,92,120.36,512.00,272.65,281.56,564.05,119.35
58443,CPU1T,92,120.52,512.00,272.67,281.56,563.79,120.79
58550,CPU1T,92,121.10,512.00,284.79,293.34,575.50,280.36
58655,CPU1T,93,121.51,512.00,296.83,305.27,573.91,332.66
58761,CPU1T,93,102.30,512.00,255.73,264.72,528.46,245.33
58870,CPU1T,93,102.61,512.00,255.75,264.72,528.46,128.84
58978,CPU1T,93,102.69,512.00,255.76,264.72,528.66,110.69
59086,CPU1T,93,102.77,512.00,255.78,264.72,528.41,157.48
59193,CPU1T,93,103.36,512.00,294.84,303.76,563.80,327.45
59302,CPU1T,94,104.88,512.00,293.37,302.58,566.80,286.52
59407,CPU1T,94,114.58,512.00,292.22,301.39,577.07,122.94
59517,CPU1T,94,114.65,512.00,292.24,301.39,577.07,109.63
59627,CPU1T,94,114.73,512.00,292.24,301.39,576.86,108.47
59739,CPU1T,94,115.32,512.00,304.48,313.17,588.70,277.92
59848,CPU1T,95,91.63,512.00,316.28,325.04,570.89,302.67
59953,CPU1T,95,102.56,512.00,255.59,264.82,528.16,190.68
60062,CPU1T,95,102.63,512.00,255.61,264.82,528.37,109.49
60172,CPU1T,95,102.67,512.00,255.63,264.82,528.37,109.13
60282,CPU1T,95,102.75,512.00,255.65,264.82,528.11,155.62
60392,CPU1T,95,103.41,512.00,294.76,303.86,562.56,344.86
60497,CPU1T,96,103.98,512.00,307.77,316.93,580.15,332.27
60606,CPU1T,96,114.64,512.00,292.28,301.43,576.62,156.34
60714,CPU1T,96,114.71,512.00,292.30,301.43,576.62,120.40
60824,CPU1T,96,114.75,512.00,292.30,301.43,576.41,108.79
60933,CPU1T,96,115.10,512.00,292.33,301.43,576.63,192.27
61064,CPU1T,96,101.29,512.00,255.84,265.05,525.63,329.46
61173,CPU1T,97,112.15,512.00,272.90,282.07,555.89,276.05
61282,CPU1T,97,112.23,512.00,272.91,282.07,555.89,118.57
61394,CPU1T,97,112.31,512.00,272.93,282.07,555.89,98.36
61502,CPU1T,97,112.62,512.00,272.94,282.07,555.85,129.58
61611,CPU1T,97,113.23,512.00,312.00,321.11,586.59,341.13
61720,CPU1T,98,113.64,512.00,296.90,305.80,575.86,293.47
61822,CPU1T,98,124.23,512.00,309.42,318.54,603.04,155.70
61932,CPU1T,98,124.31,512.00,309.44,318.54,603.24,109.59
62042,CPU1T,98,124.62,512.00,309.45,318.54,603.24,126.99
62151,CPU1T,98,124.69,512.00,309.45,318.54,602.99,155.35
62258,CPU1T,98,110.91,512.00,275.32,284.48,557.02,327.90
62366,CPU1T,99,117.18,512.00,272.74,281.91,557.32,333.68
62473,CPU1T,99,122.03,512.00,272.77,281.91,564.79,102.45
62583,CPU1T,99,122.26,512.00,272.78,281.91,565.00,128.17
62690,CPU1T,99,122.33,512.00,272.79,281.91,565.00,111.47
62798,CPU1T,99,122.93,512.00,284.66,293.69,577.16,288.12
62905,CPU1T,100,123.34,512.00,296.98,305.65,576.31,327.06
63011,CPU1T,100,102.44,512.00,242.28,251.39,512.99,255.10
63126,CPU1T,100,102.54,512.00,236.36,245.47,509.30,130.28
63235,CPU1T,100,102.62,512.00,236.36,245.47,508.91,110.03
63346,CPU1T,100,102.73,512.00,236.49,245.47,508.87,144.67
63450,CPU1T,100,103.32,512.00,275.45,284.52,548.92,230.95
63555,CPU1T,101,114.48,512.00,272.84,281.93,556.75,266.23
63659,CPU1T,101,114.55,512.00,272.86,281.93,557.01,96.08
63763,CPU1T,101,114.59,512.00,272.88,281.93,557.01,115.05
63870,CPU1T,101,114.67,512.00,272.89,281.93,555.90,102.88
63977,CPU1T,101,115.26,512.00,300.12,309.19,583.70,272.03
64080,CPU1T,102,115.87,512.00,297.08,305.71,566.88,262.10
64182,CPU1T,102,108.02,512.00,236.50,245.61,514.20,225.09
64287,CPU1T,102,108.09,512.00,236.51,245.61,514.41,114.25
64396,CPU1T,102,108.17,512.00,236.53,245.61,514.41,100.64
64503,CPU1T,102,108.28,512.00,236.54,245.61,514.16,131.07
64607,CPU1T,102,109.10,512.00,275.60,284.65,551.15,287.18
64711,CPU1T,103,109.47,512.00,273.01,282.08,549.99,252.03
64815,CPU1T,103,120.10,512.00,273.02,282.08,561.39,95.77
64919,CPU1T,103,120.14,512.00,273.04,282.08,561.39,96.13
65023,CPU1T,103,120.22,512.00,273.06,282.08,561.14,114.90
65128,CPU1T,103,121.05,512.00,285.11,293.86,565.01,162.43
65233,CPU1T,104,121.36,512.00,295.05,304.01,563.44,275.27
65337,CPU1T,104,102.22,512.00,238.34,247.45,508.97,261.18
65445,CPU1T,104,102.29,512.00,238.35,247.45,508.97,101.49
65550,CPU1T,104,102.37,512.00,238.37,247.45,508.97,104.67
65659,CPU1T,104,102.71,512.00,238.39,247.45,508.93,138.57
65769,CPU1T,104,103.30,512.00,277.44,286.49,541.58,333.80
65879,CPU1T,105,103.65,512.00,290.37,299.43,561.16,274.83
65985,CPU1T,105,114.28,512.00,274.91,283.96,557.52,151.04
66095,CPU1T,105,114.31,512.00,274.92,283.96,557.52,108.84
66204,CPU1T,105,114.66,512.00,274.94,283.96,557.93,109.73
66315,CPU1T,105,114.73,512.00,274.95,283.96,557.64,144.98
66418,CPU1T,105,115.31,512.00,286.60,295.64,572.21,252.13
66525,CPU1T,106,102.22,512.00,255.87,264.96,529.43,243.11
66634,CPU1T,106,102.56,512.00,255.89,264.96,529.64,127.87
66744,CPU1T,106,102.63,512.00,255.90,264.96,529.64,109.29
66850,CPU1T,106,102.71,512.00,255.91,264.96,529.21,94.52
66954,CPU1T,106,103.33,512.00,294.97,304.01,560.32,248.73
67058,CPU1T,107,103.71,512.00,294.76,303.81,555.61,230.86
67163,CPU1T,107,114.57,512.00,292.41,301.46,575.36,161.81
67272,CPU1T,107,114.64,512.00,292.43,301.46,575.36,110.54
67383,CPU1T,107,114.68,512.00,292.43,301.46,575.11,108.32
67492,CPU1T,107,114.79,512.00,292.43,301.46,575.27,173.65
67598,CPU1T,107,101.53,512.00,275.45,284.50,541.79,291.25
67702,CPU1T,108,102.21,512.00,260.60,269.26,520.85,250.27
67806,CPU1T,108,112.84,512.00,272.99,282.05,553.96,144.89
67910,CPU1T,108,112.88,512.00,273.01,282.05,553.96,105.97
68018,CPU1T,108,112.95,512.00,273.02,282.05,553.96,110.95
68125,CPU1T,108,113.06,512.00,273.03,282.05,553.71,149.46
68231,CPU1T,108,113.88,512.00,312.10,321.09,587.09,338.10
68337,CPU1T,109,114.26,512.00,311.92,320.89,579.73,293.87
68444,CPU1T,109,124.89,512.00,309.56,318.54,602.62,177.34
68551,CPU1T,109,124.92,512.00,309.58,318.54,602.62,112.20
68661,CPU1T,109,125.00,512.00,309.59,318.54,602.36,99.46
68773,CPU1T,109,125.32,512.00,309.61,318.54,602.57,179.06
68881,CPU1T,109,111.17,512.00,275.49,284.50,556.18,362.22
68988,CPU1T,110,111.55,512.00,271.89,280.85,551.12,325.48
69097,CPU1T,110,122.19,512.00,273.02,282.04,564.34,110.22
69208,CPU1T,110,122.50,512.00,273.05,282.04,564.34,116.97
69320,CPU1T,110,122.57,512.00,273.05,282.04,564.08,107.31
69428,CPU1T,110,122.65,512.00,273.05,282.04,564.08,212.46
69537,CPU1T,110,123.24,512.00,292.56,301.52,577.46,293.86
69643,CPU1T,111,129.48,512.00,309.71,318.70,574.38,302.12
69758,CPU1T,111,102.51,512.00,236.59,245.61,508.09,182.64
69867,CPU1T,111,102.58,512.00,236.60,245.61,508.09,109.92
69976,CPU1T,111,102.62,512.00,236.62,245.61,507.83,110.80
70095,CPU1T,111,103.25,512.00,248.87,257.39,516.93,268.46
70201,CPU1T,112,103.60,512.00,260.45,269.30,509.04,300.47
70306,CPU1T,112,114.49,512.00,273.10,282.07,555.89,249.01
70416,CPU1T,112,114.56,512.00,273.11,282.07,555.89,108.91
70524,CPU1T,112,114.64,512.00,273.13,282.07,555.89,102.30
70633,CPU1T,112,114.75,512.00,273.14,282.07,555.64,137.40
70740,CPU1T,112,115.33,512.00,312.21,321.11,595.61,317.41
70849,CPU1T,113,91.91,512.00,257.83,266.81,519.49,331.13
70958,CPU1T,113,102.54,512.00,259.85,268.82,531.70,146.63
71068,CPU1T,113,102.62,512.00,259.86,268.82,531.70,126.56
71181,CPU1T,113,102.69,512.00,259.87,268.82,531.48,106.43
71291,CPU1T,113,103.54,512.00,259.85,268.82,532.43,264.43
71407,CPU1T,113,103.68,512.00,275.44,284.41,543.57,301.08
71514,CPU1T,114,114.58,512.00,296.79,305.73,579.41,251.58
71621,CPU1T,114,114.62,512.00,296.80,305.73,579.62,103.57
71726,CPU1T,114,114.69,512.00,296.82,305.73,579.62,104.05
71835,CPU1T,114,115.01,512.00,296.83,305.73,579.57,128.17
71943,CPU1T,114,101.55,512.00,275.92,284.89,540.76,325.16
72049,CPU1T,115,101.90,512.00,263.12,272.09,517.43,293.34
72155,CPU1T,115,112.53,512.00,260.70,269.67,541.98,206.53
72267,CPU1T,115,112.61,512.00,260.71,269.67,541.98,107.60
72376,CPU1T,115,112.92,512.00,260.73,269.67,542.20,118.91
72484,CPU1T,115,112.99,512.00,260.73,269.67,541.98,184.73
72592,CPU1T,115,113.57,512.00,299.80,308.71,581.31,307.59
72704,CPU1T,116,119.75,512.00,284.34,293.27,569.21,321.98
72811,CPU1T,116,102.27,512.00,236.92,245.90,508.20,149.32
72917,CPU1T,116,102.56,512.00,236.93,245.90,508.41,122.41
73028,CPU1T,116,102.64,512.00,236.94,245.90,508.36,107.70
73153,CPU1T,116,103.29,512.00,249.20,257.68,519.67,280.55
73258,CPU1T,117,103.63,512.00,247.95,256.53,496.89,276.03
73364,CPU1T,117,114.53,512.00,260.54,269.46,543.11,283.59
73473,CPU1T,117,114.60,512.00,260.55,269.46,543.11,109.77
73581,CPU1T,117,114.64,512.00,260.57,269.46,543.11,111.82
73689,CPU1T,117,114.72,512.00,260.58,269.46,542.86,119.74
73794,CPU1T,117,115.34,512.00,299.64,308.50,577.82,323.99
73902,CPU1T,118,115.92,512.00,286.68,295.54,568.87,297.12
74009,CPU1T,118,108.05,512.00,236.91,245.88,514.45,187.03
74119,CPU1T,118,108.12,512.00,236.93,245.88,514.66,108.36
74230,CPU1T,118,108.20,512.00,236.94,245.88,514.41,108.69
74338,CPU1T,118,108.31,512.00,236.96,245.88,514.37,175.53
74460,CPU1T,118,109.13,512.00,256.42,265.37,527.30,335.54
74568,CPU1T,119,120.03,512.00,260.53,269.43,548.98,270.18
74674,CPU1T,119,120.10,512.00,260.54,269.43,548.98,103.13
74782,CPU1T,119,120.13,512.00,260.56,269.43,548.98,101.86
74892,CPU1T,119,120.43,512.00,260.56,269.43,548.98,127.91
74998,CPU1T,119,121.06,512.00,299.63,308.47,581.12,347.98
75105,CPU1T,120,91.56,512.00,236.28,244.76,488.92,307.19
75211,CPU1T,120,102.29,512.00,238.89,247.84,510.10,132.40
75320,CPU1T,120,102.36,512.00,238.90,247.84,510.10,110.75
75429,CPU1T,120,102.68,512.00,238.92,247.84,510.06,118.42
75538,CPU1T,120,102.75,512.00,238.93,247.84,510.06,174.33
75644,CPU1T,120,103.37,512.00,258.47,267.33,526.54,349.60
75754,CPU1T,121,114.37,512.00,275.68,284.57,559.08,290.09
75862,CPU1T,121,114.41,512.00,275.70,284.57,559.08,102.55
75969,CPU1T,121,114.72,512.00,275.72,284.57,559.08,139.59
76079,CPU1T,121,114.80,512.00,275.72,284.57,559.04,109.70
76187,CPU1T,121,115.40,512.00,302.93,311.83,587.09,321.57
76291,CPU1T,122,91.91,512.00,247.68,256.45,505.49,288.35
76401,CPU1T,122,102.54,512.00,260.53,269.43,532.02,192.08
76511,CPU1T,122,102.85,512.00,260.55,269.43,532.22,118.28
76620,CPU1T,122,102.93,512.00,260.55,269.43,531.80,119.19
76728,CPU1T,122,103.01,512.00,260.62,269.43,531.80,166.80
76835,CPU1T,122,103.63,512.00,299.62,308.48,570.13,335.74
76951,CPU1T,123,114.56,512.00,297.52,306.39,580.68,300.89
77057,CPU1T,123,114.87,512.00,297.54,306.39,580.68,113.40
77165,CPU1T,123,114.95,512.00,297.55,306.39,580.89,110.83
77276,CPU1T,123,115.03,512.00,297.57,306.39,580.64,108.42
77384,CPU1T,123,101.50,512.00,318.84,327.70,580.32,342.80
77490,CPU1T,124,102.15,512.00,263.07,271.96,516.39,319.17
77598,CPU1T,124,112.78,512.00,260.67,269.56,542.36,166.61
77707,CPU1T,124,112.85,512.00,260.69,269.56,542.36,110.93
77815,CPU1T,124,112.93,512.00,260.70,269.56,542.36,101.39
77924,CPU1T,124,113.04,512.00,260.70,269.56,542.17,174.69
78030,CPU1T,124,113.86,512.00,272.37,281.24,552.05,328.31
78143,CPU1T,125,120.19,512.00,297.69,306.53,585.64,310.77
78250,CPU1T,125,102.16,512.00,237.02,245.92,509.11,196.38
78358,CPU1T,125,102.23,512.00,237.04,245.92,509.11,110.94
78468,CPU1T,125,102.31,512.00,237.04,245.92,508.91,109.55
78575,CPU1T,125,103.20,512.00,276.12,284.96,537.39,307.00
78681,CPU1T,126,103.61,512.00,276.16,285.02,544.45,292.78
78788,CPU1T,126,114.24,512.00,273.79,282.64,556.82,150.13
78900,CPU1T,126,114.31,512.00,273.81,282.64,556.82,116.22
79008,CPU1T,126,114.35,512.00,273.83,282.64,556.82,110.68
79117,CPU1T,126,114.69,512.00,273.84,282.64,556.88,184.07
79223,CPU1T,127,115.49,512.00,289.42,298.23,570.02,346.75
79331,CPU1T,127,107.96,512.00,293.07,301.91,567.68,261.12
79438,CPU1T,127,112.79,512.00,236.94,245.81,519.01,158.88
79545,CPU1T,127,113.10,512.00,236.96,245.81,519.01,129.75
79654,CPU1T,127,113.21,512.00,236.98,245.81,518.75,119.88
79761,CPU1T,127,113.80,512.00,249.14,257.59,527.32,289.84
79868,CPU1T,127,113.93,512.00,252.54,261.40,531.63,288.16
79976,CPU1T,128,124.83,512.00,273.92,282.75,567.19,231.95
80082,CPU1T,128,125.15,512.00,273.94,282.75,567.40,123.25
80187,CPU1T,128,125.22,512.00,273.95,282.75,567.40,104.19
80295,CPU1T,128,125.30,512.00,273.95,282.75,567.07,111.26
80403,CPU1T,128,125.92,512.00,313.01,321.79,597.89,343.31
80509,CPU1T,129,91.68,512.00,262.20,271.10,516.73,300.71
80617,CPU1T,129,102.58,512.00,259.91,268.80,530.54,195.27
80726,CPU1T,129,102.68,512.00,259.93,268.80,530.54,109.98
80837,CPU1T,129,102.72,512.00,259.94,268.80,530.75,107.96
80945,CPU1T,129,102.79,512.00,259.95,268.80,530.48,167.50
81051,CPU1T,129,103.42,512.00,279.50,288.29,545.47,346.25
81158,CPU1T,130,109.95,512.00,296.81,305.67,574.10,300.56
81266,CPU1T,130,114.72,512.00,296.83,305.67,579.77,120.53
81376,CPU1T,130,114.79,512.00,296.85,305.67,579.77,99.59
81484,CPU1T,130,114.83,512.00,296.85,305.67,579.52,111.58
81593,CPU1T,130,101.19,512.00,291.35,300.14,561.29,347.61
81698,CPU1T,131,101.89,512.00,249.17,257.71,501.00,277.08
81803,CPU1T,131,112.55,512.00,262.53,271.37,543.45,209.36
81912,CPU1T,131,112.62,512.00,262.54,271.37,543.45,110.30
82021,CPU1T,131,112.66,512.00,262.56,271.37,543.45,109.30
82132,CPU1T,131,112.97,512.00,262.72,271.37,543.41,144.44
82240,CPU1T,131,113.57,512.00,301.62,310.41,582.89,351.09
82350,CPU1T,132,115.28,512.00,302.55,311.36,584.10,355.06
82458,CPU1T,132,102.18,512.00,244.85,253.69,517.74,214.46
82566,CPU1T,132,102.25,512.00,238.87,247.71,507.55,120.21
82677,CPU1T,132,102.57,512.00,238.89,247.71,507.29,125.59
82791,CPU1T,132,103.22,512.00,251.14,259.49,517.50,255.76
82897,CPU1T,133,103.70,512.00,264.34,272.85,514.37,290.71
83004,CPU1T,133,114.33,512.00,277.71,286.53,559.79,261.25
83116,CPU1T,133,114.37,512.00,277.73,286.53,559.79,107.16
83227,CPU1T,133,114.71,512.00,277.75,286.53,560.00,126.92
83337,CPU1T,133,114.79,512.00,277.77,286.53,559.75,144.42
83446,CPU1T,133,115.41,512.00,316.83,325.57,595.00,322.38
83553,CPU1T,134,115.94,512.00,303.23,311.70,581.71,326.39
83660,CPU1T,134,111.65,512.00,297.80,306.58,578.47,206.44
83770,CPU1T,134,111.87,512.00,238.90,247.71,518.04,163.21
83880,CPU1T,134,111.94,512.00,238.91,247.71,517.79,109.44
83987,CPU1T,134,112.04,512.00,239.08,247.71,518.00,167.58
84093,CPU1T,134,112.63,512.00,277.98,286.76,552.33,329.85
84201,CPU1T,135,119.28,512.00,264.12,273.17,546.59,241.23
84307,CPU1T,135,124.04,512.00,264.14,273.17,553.55,123.01
84417,CPU1T,135,124.12,512.00,264.16,273.17,553.55,99.56
84525,CPU1T,135,124.19,512.00,264.17,273.17,553.55,111.49
84633,CPU1T,135,124.75,512.00,276.20,284.95,565.95,278.52
84744,CPU1T,136,125.39,512.00,290.50,299.46,572.86,285.92
84852,CPU1T,136,102.20,512.00,225.66,234.71,496.02,167.13
84961,CPU1T,136,102.27,512.00,225.68,234.71,496.02,119.88
85072,CPU1T,136,102.34,512.00,225.69,234.71,496.22,107.49
85182,CPU1T,136,102.45,512.00,225.70,234.71,496.01,154.70
85289,CPU1T,136,103.27,512.00,245.15,254.20,512.06,327.18
85398,CPU1T,137,114.24,512.00,250.91,259.92,532.81,212.02
85506,CPU1T,137,114.31,512.00,250.92,259.92,532.81,101.72
85614,CPU1T,137,114.35,512.00,250.94,259.92,532.81,111.17
85723,CPU1T,137,114.69,512.00,250.95,259.92,532.77,119.19
85829,CPU1T,137,115.28,512.00,290.01,298.96,571.17,319.12
85941,CPU1T,138,103.27,512.00,273.93,282.90,540.77,312.34
86048,CPU1T,138,108.10,512.00,223.45,232.49,500.14,140.67
86155,CPU1T,138,108.18,512.00,223.47,232.49,500.14,112.52
86264,CPU1T,138,108.49,512.00,223.49,232.49,500.35,119.24
86371,CPU1T,138,109.11,512.00,250.70,259.75,516.69,288.54
86481,CPU1T,139,109.46,512.00,258.17,267.17,528.68,274.00
86588,CPU1T,139,120.09,512.00,248.71,257.70,536.29,139.10
86700,CPU1T,139,120.13,512.00,248.72,257.70,536.29,117.01
86809,CPU1T,139,120.44,512.00,248.73,257.70,536.24,118.27
86918,CPU1T,139,120.52,512.00,248.72,257.70,536.76,183.78
87039,CPU1T,140,121.39,512.00,263.88,272.79,538.78,348.42
87147,CPU1T,140,102.33,512.00,238.57,247.63,507.34,240.68
87256,CPU1T,140,102.40,512.00,238.59,247.63,507.55,110.34
87363,CPU1T,140,102.70,512.00,238.61,247.63,507.55,120.68
87472,CPU1T,140,102.77,512.00,238.62,247.63,507.50,128.28
87582,CPU1T,140,103.33,512.00,254.15,263.21,522.42,310.40
87691,CPU1T,141,114.24,512.00,263.83,272.83,546.10,284.69
87800,CPU1T,141,114.55,512.00,263.84,272.83,545.82,136.86
87913,CPU1T,141,114.62,512.00,263.86,272.83,545.82,106.40
88021,CPU1T,141,114.70,512.00,263.87,272.83,545.57,101.81
88130,CPU1T,141,115.32,512.00,302.93,311.88,579.73,320.62
88243,CPU1T,142,91.72,512.00,228.49,237.51,492.29,283.91
88352,CPU1T,142,102.61,512.00,238.61,247.63,510.72,164.76
88458,CPU1T,142,102.68,512.00,238.62,247.63,510.72,104.62
88566,CPU1T,142,102.72,512.00,238.64,247.63,510.93,101.45
88675,CPU1T,142,102.80,512.00,238.65,247.63,510.68,165.85
88781,CPU1T,142,103.45,512.00,250.29,259.31,526.77,309.04
88891,CPU1T,143,114.63,512.00,263.85,272.83,544.85,281.60
89000,CPU1T,143,114.70,512.00,263.87,272.83,545.06,110.11
89109,CPU1T,143,114.74,512.00,263.88,272.83,545.06,110.61
89219,CPU1T,143,114.82,512.00,263.90,272.83,544.80,109.01
89328,CPU1T,143,101.23,512.00,302.96,311.88,573.55,302.54
89434,CPU1T,144,101.87,512.00,241.40,250.34,510.95,312.35
89540,CPU1T,144,112.49,512.00,242.56,251.53,522.88,122.71
89647,CPU1T,144,112.56,512.00,242.58,251.53,522.88,111.36
89760,CPU1T,144,112.60,512.00,242.59,251.53,522.63,106.51
89867,CPU1T,144,113.46,512.00,254.76,263.30,527.30,206.26
89972,CPU1T,145,113.81,512.00,246.53,255.43,524.77,330.85
90080,CPU1T,145,124.48,512.00,267.82,276.73,559.26,224.17
90190,CPU1T,145,124.55,512.00,267.84,276.73,559.26,108.34
90300,CPU1T,145,124.59,512.00,267.85,276.73,559.47,100.39
90409,CPU1T,145,124.90,512.00,267.87,276.73,559.21,146.05
90519,CPU1T,145,110.89,512.00,284.48,293.39,560.21,336.37
90627,CPU1T,146,117.14,512.00,250.95,259.92,534.01,296.82
90735,CPU1T,146,121.94,512.00,250.97,259.92,541.74,111.17
90845,CPU1T,146,122.02,512.00,250.99,259.92,541.74,118.16
90955,CPU1T,146,122.32,512.00,251.00,259.92,541.70,118.95
91062,CPU1T,146,122.94,512.00,278.22,287.18,567.65,269.96
91169,CPU1T,147,123.31,512.00,275.07,283.95,563.96,309.17
91279,CPU1T,147,102.16,512.00,231.40,240.34,500.01,218.10
91389,CPU1T,147,102.23,512.00,225.77,234.71,496.33,118.25
91498,CPU1T,147,102.57,512.00,225.78,234.71,496.52,118.48
91606,CPU1T,147,103.22,512.00,225.76,234.71,496.94,204.13
91714,CPU1T,147,103.35,512.00,241.34,250.30,509.05,334.82
91821,CPU1T,148,114.16,512.00,250.99,259.92,532.24,194.78
91928,CPU1T,148,114.47,512.00,251.01,259.92,532.45,122.07
92035,CPU1T,148,114.55,512.00,251.03,259.92,532.45,112.03
92144,CPU1T,148,114.63,512.00,251.04,259.92,532.40,119.67
92250,CPU1T,148,115.25,512.00,290.10,298.96,572.20,337.39
92359,CPU1T,149,126.12,512.00,276.25,285.13,569.70,257.41
92467,CPU1T,149,111.81,512.00,225.78,234.71,506.06,157.23
92574,CPU1T,149,111.88,512.00,225.79,234.71,506.06,112.50
92682,CPU1T,149,111.96,512.00,225.81,234.71,505.80,120.62
92789,CPU1T,149,112.61,512.00,264.87,273.76,539.84,232.57
92895,CPU1T,150,112.92,512.00,249.87,258.74,529.07,313.17
93002,CPU1T,150,123.79,512.00,251.03,259.92,542.25,139.19
93111,CPU1T,150,123.87,512.00,251.05,259.92,542.25,110.64
93222,CPU1T,150,123.98,512.00,251.06,259.92,542.46,108.31
93334,CPU1T,150,124.56,512.00,263.24,271.70,554.10,249.24
93438,CPU1T,151,124.84,512.00,268.17,276.68,544.52,298.09
93544,CPU1T,151,102.20,512.00,231.42,240.34,500.09,253.77
93654,CPU1T,151,102.27,512.00,225.79,234.71,496.20,119.01
93763,CPU1T,151,102.34,512.00,225.80,234.71,496.20,100.88
93870,CPU1T,151,102.45,512.00,225.83,234.71,495.95,149.01
93979,CPU1T,151,103.27,512.00,264.88,273.76,532.39,330.94
94086,CPU1T,152,104.79,512.00,252.20,261.11,523.04,297.38
94193,CPU1T,152,114.24,512.00,251.05,259.92,532.32,112.48
94301,CPU1T,152,114.28,512.00,251.06,259.92,532.32,102.20
94410,CPU1T,152,114.36,512.00,251.08,259.92,532.53,110.24
94516,CPU1T,152,115.19,512.00,262.74,271.61,546.94,272.03
94623,CPU1T,153,115.57,512.00,268.11,276.68,547.34,336.89
94732,CPU1T,153,108.03,512.00,225.80,234.71,502.40,202.29
94839,CPU1T,153,108.10,512.00,225.81,234.71,502.40,111.98
94947,CPU1T,153,108.18,512.00,225.83,234.71,502.01,101.39
95056,CPU1T,153,108.52,512.00,225.85,234.71,502.21,156.64
95162,CPU1T,153,109.11,512.00,241.38,250.30,515.67,330.20
95269,CPU1T,154,120.02,512.00,251.04,259.92,538.55,281.25
95377,CPU1T,154,120.09,512.00,251.06,259.92,538.55,101.85
95485,CPU1T,154,120.13,512.00,251.07,259.92,538.55,111.03
95593,CPU1T,154,120.44,512.00,251.09,259.92,538.50,119.60
95700,CPU1T,154,121.10,512.00,290.15,298.96,572.45,327.13
95811,CPU1T,155,91.63,512.00,285.78,294.60,545.66,299.09
95919,CPU1T,155,102.32,512.00,238.71,247.63,507.90,147.55
96029,CPU1T,155,102.40,512.00,238.73,247.63,507.90,109.50
96137,CPU1T,155,102.71,512.00,238.74,247.63,508.03,120.28
96246,CPU1T,155,103.29,512.00,250.79,259.40,510.07,192.53
96351,CPU1T,155,103.37,512.00,258.28,267.11,526.11,372.82
96458,CPU1T,156,114.30,512.00,263.96,272.83,545.57,223.87
96565,CPU1T,156,114.34,512.00,263.98,272.83,545.57,102.12
96674,CPU1T,156,114.65,512.00,264.00,272.83,545.78,119.63
96783,CPU1T,156,114.73,512.00,264.01,272.83,545.53,110.11
96891,CPU1T,156,115.33,512.00,303.08,311.88,581.74,306.15
97000,CPU1T,157,91.63,512.00,288.07,296.86,550.06,301.53
97108,CPU1T,157,102.56,512.00,238.73,247.63,509.71,185.80
97220,CPU1T,157,102.63,512.00,238.75,247.63,509.71,107.55
97329,CPU1T,157,102.67,512.00,238.77,247.63,509.71,109.26
97438,CPU1T,157,103.26,512.00,250.75,259.41,511.34,184.35
97545,CPU1T,157,103.34,512.00,258.21,267.12,522.56,345.34
97653,CPU1T,158,114.47,512.00,263.99,272.84,545.77,240.83
97760,CPU1T,158,114.54,512.00,264.00,272.84,545.98,102.49
97870,CPU1T,158,114.61,512.00,264.02,272.84,545.98,109.68
97980,CPU1T,158,114.65,512.00,264.01,272.84,545.52,108.47
98088,CPU1T,158,101.20,512.00,303.07,311.88,569.13,353.16
98194,CPU1T,159,107.80,512.00,251.04,259.93,524.75,320.13
98301,CPU1T,159,112.56,512.00,251.06,259.93,533.25,111.99
98412,CPU1T,159,112.60,512.00,251.08,259.93,533.25,108.82
98521,CPU1T,159,112.68,512.00,251.09,259.93,533.00,100.19
98629,CPU1T,159,113.33,512.00,263.41,271.70,543.05,305.46
98747,CPU1T,160,113.88,512.00,255.07,263.83,533.32,279.77
98854,CPU1T,160,124.54,512.00,276.34,285.13,567.84,216.37
98960,CPU1T,160,124.61,512.00,276.35,285.13,567.84,103.92
99067,CPU1T,160,124.65,512.00,276.37,285.13,567.84,111.37
99176,CPU1T,160,124.73,512.00,276.37,285.13,567.41,129.25
99286,CPU1T,160,111.19,512.00,264.99,273.76,544.61,345.54
99394,CPU1T,161,122.13,512.00,251.06,259.92,540.95,295.07
99503,CPU1T,161,122.20,512.00,251.08,259.92,540.95,110.63
99611,CPU1T,161,122.28,512.00,251.10,259.92,540.95,101.05
99720,CPU1T,161,122.59,512.00,251.11,259.92,540.91,137.46
99832,CPU1T,161,123.17,512.00,278.34,287.18,567.79,304.58
99934,CPU1T,162,123.55,512.00,268.32,276.64,553.96,264.76
100040,CPU1T,162,102.19,512.00,225.86,234.71,496.40,207.57
100147,CPU1T,162,102.26,512.00,225.87,234.71,496.61,102.72
100255,CPU1T,162,102.58,512.00,225.89,234.71,496.63,130.28
100363,CPU1T,162,102.68,512.00,225.92,234.71,496.56,147.71
100469,CPU1T,162,103.28,512.00,264.96,273.76,536.04,302.93
100576,CPU1T,163,109.61,512.00,251.10,259.92,526.84,297.74
100685,CPU1T,163,114.37,512.00,251.12,259.92,532.00,110.44
100791,CPU1T,163,114.69,512.00,251.14,259.92,532.21,122.56
100899,CPU1T,163,114.76,512.00,251.16,259.92,531.95,111.34
101013,CPU1T,163,115.36,512.00,290.22,298.96,562.79,288.70
101120,CPU1T,164,115.92,512.00,268.26,276.68,544.79,297.48
101225,CPU1T,164,108.04,512.00,225.88,234.71,502.00,201.13
101332,CPU1T,164,108.37,512.00,225.89,234.71,502.21,130.63
101440,CPU1T,164,108.44,512.00,225.91,234.71,502.21,102.05
101546,CPU1T,164,108.51,512.00,225.92,234.71,502.18,150.12
101653,CPU1T,164,109.11,512.00,241.46,250.30,515.09,280.44
101760,CPU1T,165,115.35,512.00,251.13,259.92,533.86,309.54
101868,CPU1T,165,120.38,512.00,251.15,259.92,538.77,129.78
101975,CPU1T,165,120.45,512.00,251.17,259.92,538.97,102.23
102086,CPU1T,165,120.52,512.00,251.18,259.92,538.97,108.84
102194,CPU1T,165,121.11,512.00,290.24,298.96,570.15,321.82
102302,CPU1T,166,91.84,512.00,268.22,276.61,527.74,344.22
102407,CPU1T,166,102.56,512.00,242.69,251.53,511.76,161.22
102515,CPU1T,166,102.60,512.00,242.71,251.53,511.76,111.44
102624,CPU1T,166,102.68,512.00,242.71,251.53,511.51,110.32
102732,CPU1T,166,102.75,512.00,242.72,251.53,511.38,147.98
102842,CPU1T,166,103.58,512.00,266.05,274.92,533.74,373.62
102950,CPU1T,167,114.54,512.00,267.92,276.73,549.47,202.94
103059,CPU1T,167,114.61,512.00,267.94,276.73,549.47,101.07
103167,CPU1T,167,114.68,512.00,267.95,276.73,549.47,110.95
103275,CPU1T,167,114.76,512.00,267.97,276.73,549.21,120.71
103386,CPU1T,167,91.57,512.00,307.03,315.78,560.97,351.24
103493,CPU1T,168,91.98,512.00,252.22,261.00,508.67,306.60
103600,CPU1T,168,102.62,512.00,242.75,251.53,513.58,141.07
103708,CPU1T,168,102.69,512.00,242.77,251.53,513.58,101.86
103816,CPU1T,168,102.76,512.00,242.78,251.53,513.46,110.86
103924,CPU1T,168,103.10,512.00,242.92,251.53,513.72,184.80
104034,CPU1T,168,103.69,512.00,266.13,274.92,533.14,345.74
104140,CPU1T,169,114.59,512.00,268.01,276.73,550.09,189.82
104248,CPU1T,169,114.67,512.00,268.02,276.73,550.09,110.68
104356,CPU1T,169,114.75,512.00,268.04,276.73,550.09,111.11
104463,CPU1T,169,115.05,512.00,268.04,276.73,549.91,121.05
104576,CPU1T,169,101.57,512.00,264.99,273.76,530.09,338.66
104685,CPU1T,170,101.94,512.00,252.31,261.11,520.81,283.86
104790,CPU1T,170,112.58,512.00,251.15,259.92,531.13,104.29
104898,CPU1T,170,112.89,512.00,251.17,259.92,531.34,120.77
105005,CPU1T,170,112.96,512.00,251.18,259.92,531.34,121.11
105114,CPU1T,170,113.56,512.00,290.24,298.96,563.69,229.38
105222,CPU1T,171,113.90,512.00,275.23,283.95,555.09,324.69
105330,CPU1T,171,124.53,512.00,276.40,285.13,568.08,101.78
105436,CPU1T,171,124.84,512.00,276.42,285.13,568.29,141.29
105548,CPU1T,171,124.91,512.00,276.44,285.13,568.04,107.47
105661,CPU1T,171,111.41,512.00,288.30,296.91,570.83,239.33
105769,CPU1T,172,111.78,512.00,243.05,251.48,511.91,294.21
105875,CPU1T,172,122.45,512.00,251.17,259.92,540.63,160.93
105984,CPU1T,172,122.76,512.00,251.19,259.92,540.82,129.02
106092,CPU1T,172,122.83,512.00,251.20,259.92,540.82,110.36
106200,CPU1T,172,122.91,512.00,251.21,259.92,540.56,130.64
106306,CPU1T,172,123.53,512.00,266.76,275.51,555.09,318.28
106414,CPU1T,173,129.71,512.00,276.42,285.13,573.34,296.32
106521,CPU1T,173,102.43,512.00,225.96,234.71,496.63,205.75
106629,CPU1T,173,102.50,512.00,225.98,234.71,496.63,102.33
106737,CPU1T,173,102.57,512.00,225.99,234.71,496.37,101.26
106845,CPU1T,173,103.19,512.00,265.06,273.76,527.46,316.36
106954,CPU1T,174,103.57,512.00,250.05,258.74,519.55,303.70
107062,CPU1T,174,114.47,512.00,251.21,259.92,533.24,129.19
107170,CPU1T,174,114.54,512.00,251.23,259.92,533.24,120.23
107281,CPU1T,174,114.61,512.00,251.24,259.92,532.86,99.47
107391,CPU1T,174,115.17,512.00,263.40,271.70,544.14,235.75
107498,CPU1T,175,115.73,512.00,255.16,263.82,534.64,318.45
107606,CPU1T,175,111.49,512.00,265.22,273.94,539.00,259.20
107718,CPU1T,175,111.59,512.00,225.97,234.71,505.98,142.13
107827,CPU1T,175,111.67,512.00,225.99,234.71,505.98,101.25
107935,CPU1T,175,111.78,512.00,226.01,234.71,505.73,120.54
108041,CPU1T,175,112.63,512.00,265.06,273.76,543.99,319.43
108145,CPU1T,176,118.87,512.00,251.20,259.92,535.05,298.39
108253,CPU1T,176,123.67,512.00,251.22,259.92,542.48,111.69
108360,CPU1T,176,123.70,512.00,251.24,259.92,542.48,102.15
108469,CPU1T,176,123.78,512.00,251.24,259.92,542.23,100.98
108577,CPU1T,176,124.64,512.00,263.04,271.70,555.17,288.13
108683,CPU1T,177,125.01,512.00,268.34,276.66,547.12,300.20
108788,CPU1T,177,102.20,512.00,225.97,234.71,496.55,238.11
108894,CPU1T,177,102.27,512.00,225.98,234.71,496.55,113.13
109001,CPU1T,177,102.35,512.00,226.00,234.71,496.56,102.79
109109,CPU1T,177,102.69,512.00,226.17,234.71,496.52,129.59
109216,CPU1T,177,103.28,512.00,265.07,273.76,536.04,309.06
109324,CPU1T,178,109.56,512.00,251.21,259.92,528.05,305.21
109432,CPU1T,178,114.33,512.00,251.23,259.92,532.95,111.37
109540,CPU1T,178,114.37,512.00,251.25,259.92,532.95,111.63
109646,CPU1T,178,114.71,512.00,251.27,259.92,532.95,122.13
109752,CPU1T,178,115.29,512.00,278.49,287.18,560.59,293.32
109863,CPU1T,179,115.67,512.00,285.95,294.60,559.45,269.46
109970,CPU1T,179,108.04,512.00,225.99,234.71,502.47,168.60
110076,CPU1T,179,108.18,512.00,226.00,234.71,502.47,112.48
110186,CPU1T,179,108.44,512.00,226.02,234.71,502.43,118.48
110293,CPU1T,179,108.54,512.00,226.02,234.71,502.41,167.93
110400,CPU1T,179,109.10,512.00,241.58,250.30,513.07,309.38
110510,NNAPI,1,115.35,512.00,264.84,273.53,538.00,354.60
110616,NNAPI,1,120.36,512.00,264.87,273.53,546.76,85.23
110718,NNAPI,1,120.97,512.00,292.10,300.79,566.74,68.63
110819,NNAPI,2,127.19,512.00,301.34,309.98,580.08,157.93
110920,NNAPI,2,102.20,512.00,236.98,245.67,503.58,88.67
111022,NNAPI,2,102.79,512.00,276.06,284.71,531.75,98.52
111123,NNAPI,3,103.53,512.00,247.97,256.61,511.53,137.94
111225,NNAPI,3,114.16,512.00,249.14,257.79,525.93,98.80
111326,NNAPI,3,114.23,512.00,249.16,257.79,527.61,59.29
111428,NNAPI,4,115.12,512.00,266.17,274.41,535.67,146.87
111530,NNAPI,4,108.03,512.00,226.08,234.71,500.42,127.93
111633,NNAPI,4,108.37,512.00,226.10,234.71,501.79,125.64
111736,NNAPI,4,108.95,512.00,265.18,273.76,539.59,164.86
111842,NNAPI,5,119.85,512.00,251.32,259.92,534.41,142.34
111946,NNAPI,5,119.93,512.00,251.33,259.92,531.02,86.21
112048,NNAPI,5,120.52,512.00,263.40,271.70,537.92,97.77
112151,NNAPI,6,121.29,512.00,268.39,276.64,526.85,184.41
112255,NNAPI,6,102.23,512.00,241.41,250.04,516.55,172.88
112358,NNAPI,6,102.30,512.00,241.43,250.04,514.29,87.97
112459,NNAPI,6,102.89,512.00,280.50,289.08,548.18,98.83
112560,NNAPI,7,109.29,512.00,280.26,288.85,556.23,188.00
112661,NNAPI,7,114.29,512.00,280.28,288.85,564.20,88.69
112764,NNAPI,7,114.88,512.00,307.52,316.11,586.72,87.66
112865,NNAPI,8,92.07,512.00,250.64,258.92,504.77,187.43
112967,NNAPI,8,102.70,512.00,264.15,272.70,535.85,88.82
113068,NNAPI,8,102.77,512.00,264.16,272.70,536.41,108.73
113171,NNAPI,8,103.63,512.00,279.72,288.29,548.05,116.44
113272,NNAPI,9,114.73,512.00,303.00,311.52,590.13,177.63
113374,NNAPI,9,114.80,512.00,303.02,311.52,587.97,88.62
113476,NNAPI,9,91.61,512.00,278.48,287.01,534.80,117.99
113577,NNAPI,10,97.76,512.00,264.17,272.70,529.02,207.47
113680,NNAPI,10,102.79,512.00,264.19,272.70,537.14,77.51
113781,NNAPI,10,103.38,512.00,303.27,311.75,563.55,98.65
113883,NNAPI,11,103.84,512.00,301.89,310.33,572.28,166.92
113985,NNAPI,11,114.48,512.00,303.05,311.52,586.48,98.73
114086,NNAPI,11,115.07,512.00,314.71,323.20,597.38,108.37
114188,NNAPI,12,92.05,512.00,250.76,259.22,501.61,186.99
114290,NNAPI,12,102.68,512.00,264.22,272.95,536.46,88.05
114393,NNAPI,12,103.30,512.00,276.16,284.73,540.00,87.14
114503,NNAPI,13,103.84,512.00,305.68,314.38,566.51,145.99
114604,NNAPI,13,114.47,512.00,303.08,311.77,585.53,108.34
114707,NNAPI,13,115.32,512.00,315.02,323.54,593.24,38.87
114808,NNAPI,14,91.79,512.00,266.86,275.57,507.33,207.51
114910,NNAPI,14,102.42,512.00,264.25,272.95,535.00,88.35
115021,NNAPI,14,103.01,512.00,276.26,284.73,542.71,81.23
115123,NNAPI,15,103.59,512.00,305.71,314.38,559.38,177.26
115224,NNAPI,15,114.48,512.00,303.11,311.77,586.82,88.48
115327,NNAPI,15,115.04,512.00,303.10,311.77,585.79,48.73
115430,NNAPI,16,91.81,512.00,250.80,259.18,486.03,136.43
115531,NNAPI,16,102.44,512.00,264.28,272.95,535.06,148.34
115632,NNAPI,16,102.78,512.00,264.30,272.95,533.34,68.85
115733,NNAPI,16,103.43,512.00,279.86,288.54,547.49,108.97
115837,NNAPI,17,114.55,512.00,303.14,311.77,588.60,145.11
115938,NNAPI,17,114.59,512.00,303.15,311.77,586.67,108.05
116040,NNAPI,17,91.64,512.00,278.62,287.26,538.41,98.24
116142,NNAPI,18,102.99,512.00,264.31,272.95,539.76,176.11
116245,NNAPI,18,103.07,512.00,264.32,272.95,535.13,58.70
116346,NNAPI,18,103.66,512.00,303.41,312.00,570.69,98.85
116447,NNAPI,19,110.06,512.00,303.16,311.77,580.14,178.00
116548,NNAPI,19,114.82,512.00,303.18,311.77,587.53,69.09
116652,NNAPI,19,91.55,512.00,342.26,350.81,598.03,86.89
116753,NNAPI,20,97.98,512.00,264.33,272.95,525.39,177.29
116855,NNAPI,20,102.74,512.00,264.35,272.95,535.57,69.15
116959,NNAPI,20,103.33,512.00,276.36,284.73,540.18,66.81
117061,NNAPI,21,103.90,512.00,289.68,297.96,556.13,167.23
117164,NNAPI,21,114.77,512.00,303.21,311.77,587.04,97.28
117266,NNAPI,21,114.85,512.00,303.22,311.77,587.95,68.32
117369,NNAPI,22,101.73,512.00,262.77,271.33,509.89,136.33
117471,NNAPI,22,112.39,512.00,278.44,287.03,561.41,137.01
117572,NNAPI,22,112.46,512.00,278.45,287.03,560.76,49.34
117677,NNAPI,23,113.71,512.00,303.78,312.03,566.46,144.16
117778,NNAPI,23,102.22,512.00,239.63,248.21,513.10,167.53
117880,NNAPI,23,102.29,512.00,239.64,248.21,512.64,78.77
117982,NNAPI,24,103.35,512.00,265.01,273.25,517.00,136.79
118083,NNAPI,24,113.98,512.00,278.49,287.03,561.27,128.41
118186,NNAPI,24,114.33,512.00,278.50,287.03,562.17,68.04
118287,NNAPI,25,115.41,512.00,303.87,312.16,571.32,158.22
118392,NNAPI,25,106.86,512.00,239.70,248.32,516.79,133.76
118495,NNAPI,25,106.93,512.00,239.71,248.32,517.70,77.22
118598,NNAPI,26,108.02,512.00,265.02,273.32,522.97,146.03
118701,NNAPI,26,118.89,512.00,278.55,287.13,565.76,116.97
118802,NNAPI,26,118.96,512.00,278.57,287.13,567.53,59.01
118904,NNAPI,27,119.98,512.00,303.88,312.14,575.38,147.75
119008,NNAPI,27,102.23,512.00,239.73,248.32,515.70,144.23
119110,NNAPI,27,102.30,512.00,239.74,248.32,513.39,107.60
119213,NNAPI,27,103.13,512.00,278.83,287.36,544.41,107.24
119314,NNAPI,28,109.22,512.00,278.58,287.13,554.34,178.02
119417,NNAPI,28,114.01,512.00,278.60,287.13,562.84,67.71
119519,NNAPI,28,114.60,512.00,317.68,326.18,593.06,98.09
119620,NNAPI,29,120.73,512.00,317.43,325.95,603.91,168.23
119722,NNAPI,29,107.12,512.00,239.77,248.32,517.14,98.57
119825,NNAPI,29,107.74,512.00,267.01,275.58,543.27,87.28
119926,NNAPI,30,108.21,512.00,276.54,285.06,551.20,178.01
120027,NNAPI,30,118.84,512.00,278.62,287.13,566.04,79.12
120130,NNAPI,30,119.47,512.00,290.63,298.91,576.54,77.72
120231,NNAPI,31,119.95,512.00,320.09,328.56,605.05,187.81
120332,NNAPI,31,102.23,512.00,239.80,248.32,511.63,128.47
120437,NNAPI,31,102.81,512.00,251.81,260.10,520.08,76.29
120538,NNAPI,32,103.04,512.00,281.26,289.75,539.86,177.89
120640,NNAPI,32,113.67,512.00,278.65,287.13,560.65,88.74
120746,NNAPI,32,114.53,512.00,290.54,298.91,572.13,56.23
120849,NNAPI,33,115.05,512.00,315.43,323.87,605.12,185.59
120951,NNAPI,33,106.86,512.00,239.83,248.32,516.44,107.75
121060,NNAPI,33,107.48,512.00,252.03,260.10,524.04,100.76
121162,NNAPI,34,107.70,512.00,265.16,273.33,530.38,216.67
121264,NNAPI,34,118.56,512.00,278.69,287.13,566.53,136.68
121366,NNAPI,34,118.64,512.00,278.70,287.13,567.43,68.99
121467,NNAPI,35,119.66,512.00,304.04,312.17,576.79,167.29
121569,NNAPI,35,102.23,512.00,239.86,248.32,513.42,137.91
121672,NNAPI,35,102.56,512.00,239.87,248.32,512.47,97.03
121773,NNAPI,35,103.28,512.00,243.80,252.22,511.13,118.33
121874,NNAPI,36,113.92,512.00,278.72,287.13,563.32,158.33
121976,NNAPI,36,113.99,512.00,278.73,287.13,562.67,78.93
122077,NNAPI,37,114.74,512.00,304.04,312.13,567.49,127.61
122179,NNAPI,37,107.13,512.00,239.89,248.32,518.73,167.17
122281,NNAPI,37,107.20,512.00,239.91,248.32,516.80,58.88
122383,NNAPI,37,107.84,512.00,255.48,263.91,527.83,98.45
122484,NNAPI,38,118.65,512.00,278.75,287.13,568.39,157.71
122586,NNAPI,38,118.72,512.00,278.76,287.13,567.62,97.71
122688,NNAPI,38,119.55,512.00,317.84,326.18,603.90,98.40
122791,NNAPI,39,102.23,512.00,239.92,248.57,513.39,203.53
122894,NNAPI,39,102.30,512.00,239.94,248.57,513.24,77.99
122996,NNAPI,39,102.90,512.00,279.01,287.61,549.83,78.62
123097,NNAPI,40,113.75,512.00,278.77,287.38,564.44,167.98
123198,NNAPI,40,114.12,512.00,278.79,287.38,560.67,88.89
123299,NNAPI,40,114.70,512.00,317.87,326.43,594.33,79.18
123400,NNAPI,41,120.82,512.00,317.62,326.20,604.52,178.06
123501,NNAPI,41,106.86,512.00,239.95,248.57,516.68,108.79
123604,NNAPI,41,107.48,512.00,279.03,287.61,544.10,77.84
123705,NNAPI,42,108.28,512.00,278.79,287.38,553.46,178.16
123806,NNAPI,42,118.91,512.00,278.81,287.38,566.14,69.13
123911,NNAPI,42,119.50,512.00,291.00,299.16,571.97,85.67
124012,NNAPI,43,120.00,512.00,304.16,312.68,583.21,168.17
124114,NNAPI,43,102.23,512.00,239.98,248.82,512.36,127.93
124224,NNAPI,43,103.08,512.00,252.24,260.60,518.21,54.61
124325,NNAPI,44,103.29,512.00,265.19,273.85,531.91,177.54
124428,NNAPI,44,113.95,512.00,278.84,287.63,561.50,87.39
124531,NNAPI,44,114.51,512.00,290.78,299.41,571.23,58.27
124632,NNAPI,45,115.05,512.00,320.30,329.06,597.67,187.90
124734,NNAPI,45,107.13,512.00,240.01,248.82,517.34,118.39
124835,NNAPI,45,107.74,512.00,251.96,260.60,521.70,98.66
124936,NNAPI,46,108.24,512.00,265.10,273.86,537.83,187.65
125038,NNAPI,46,118.87,512.00,278.86,287.63,565.67,108.62
125139,NNAPI,46,118.95,512.00,278.88,287.63,567.86,59.23
125243,NNAPI,47,120.23,512.00,304.19,312.64,574.29,173.61
125344,NNAPI,47,102.24,512.00,240.03,248.82,510.84,158.07
125446,NNAPI,47,102.31,512.00,240.05,248.82,513.30,48.92
125548,NNAPI,48,103.35,512.00,265.40,273.86,516.49,128.11
125649,NNAPI,48,113.99,512.00,278.89,287.63,560.93,148.15
125750,NNAPI,48,114.33,512.00,278.91,287.63,563.08,78.87
125851,NNAPI,49,115.38,512.00,304.27,312.69,566.06,128.33
125954,NNAPI,49,108.07,512.00,240.06,248.82,516.75,156.13
126055,NNAPI,49,108.14,512.00,240.08,248.82,519.41,79.12
126157,NNAPI,50,109.16,512.00,264.13,272.44,524.25,186.84
126258,NNAPI,50,120.06,512.00,276.50,285.21,565.92,118.59
126362,NNAPI,50,120.13,512.00,276.51,285.21,564.38,57.93
126463,NNAPI,51,121.02,512.00,300.99,309.28,574.08,148.33
126565,NNAPI,51,102.23,512.00,238.43,247.16,510.69,166.63
126668,NNAPI,51,102.30,512.00,238.45,247.16,511.59,38.63
126770,NNAPI,52,103.43,512.00,247.47,256.09,497.27,108.00
126871,NNAPI,52,114.07,512.00,262.26,270.93,546.64,148.08
126973,NNAPI,52,114.14,512.00,262.27,270.93,544.71,68.81
127074,NNAPI,52,114.73,512.00,281.72,290.42,560.08,98.63
127176,NNAPI,53,108.07,512.00,238.43,247.13,518.59,176.92
127279,NNAPI,53,108.41,512.00,238.44,247.13,517.82,67.92
127381,NNAPI,53,108.99,512.00,277.52,286.17,554.46,88.68
127482,NNAPI,54,120.02,512.00,275.58,284.23,567.86,167.58
127584,NNAPI,54,120.09,512.00,275.59,284.23,565.78,98.53
127685,NNAPI,54,120.68,512.00,314.67,323.27,602.22,88.55
127787,NNAPI,55,102.24,512.00,238.49,247.16,513.88,187.48
127889,NNAPI,55,102.31,512.00,238.50,247.16,511.69,78.52
127991,NNAPI,55,102.90,512.00,277.58,286.20,547.43,98.07
128092,NNAPI,56,113.87,512.00,275.52,284.15,560.31,168.05
128193,NNAPI,56,113.97,512.00,275.52,284.15,557.34,59.13
128294,NNAPI,56,114.83,512.00,314.61,323.19,590.50,89.03
128401,NNAPI,57,103.35,512.00,239.60,248.26,509.44,196.46
128502,NNAPI,57,108.14,512.00,238.44,247.07,515.50,59.36
128603,NNAPI,57,108.73,512.00,277.52,286.12,546.05,79.11
128705,NNAPI,58,115.07,512.00,275.51,284.13,555.26,177.94
128811,NNAPI,58,120.07,512.00,275.53,284.13,563.53,84.84
128913,NNAPI,58,120.67,512.00,314.62,323.17,596.45,97.74
129014,NNAPI,59,127.03,512.00,312.63,321.20,604.49,158.22
129115,NNAPI,59,102.30,512.00,238.52,247.13,509.09,98.85
129225,NNAPI,59,103.15,512.00,250.40,258.90,520.37,82.20
129326,NNAPI,60,103.63,512.00,291.70,300.28,548.24,178.11
129437,NNAPI,60,114.26,512.00,275.84,284.40,558.46,80.90
129541,NNAPI,60,114.86,512.00,287.78,296.18,566.54,96.01
129642,NNAPI,61,115.20,512.00,302.04,310.56,572.91,168.11
129744,NNAPI,61,108.34,512.00,238.63,247.21,512.45,108.43
129846,NNAPI,61,108.92,512.00,250.64,258.99,519.87,78.52
129947,NNAPI,62,109.26,512.00,249.49,257.89,521.80,148.38
130048,NNAPI,62,119.89,512.00,262.37,270.90,551.03,98.65
130157,NNAPI,62,120.45,512.00,274.37,282.68,559.70,82.46
130258,NNAPI,63,121.06,512.00,288.67,297.16,559.43,187.88
130360,NNAPI,63,102.24,512.00,238.67,247.23,510.62,108.11
130462,NNAPI,63,102.31,512.00,238.69,247.23,511.52,58.79
130564,NNAPI,64,103.17,512.00,249.77,257.86,504.82,157.89
130667,NNAPI,64,113.80,512.00,262.40,270.91,545.09,115.97
130769,NNAPI,64,114.14,512.00,262.42,270.91,545.99,78.34
130871,NNAPI,65,115.04,512.00,273.67,281.71,536.40,127.66
130973,NNAPI,65,108.08,512.00,238.73,247.26,518.90,157.15
131076,NNAPI,65,108.15,512.00,238.75,247.26,518.26,86.86
131178,NNAPI,66,109.08,512.00,263.26,271.35,520.40,128.04
131279,NNAPI,66,119.98,512.00,275.87,284.36,567.18,138.43
131381,NNAPI,66,120.05,512.00,275.88,284.36,566.54,59.05
131482,NNAPI,66,120.83,512.00,278.13,286.59,563.32,117.90
131584,NNAPI,67,102.23,512.00,238.75,247.25,512.35,186.78
131686,NNAPI,67,102.30,512.00,238.76,247.25,510.41,78.34
131788,NNAPI,67,103.13,512.00,258.22,266.73,521.84,98.20
131890,NNAPI,68,114.04,512.00,262.58,271.02,547.39,176.05
131993,NNAPI,68,114.12,512.00,262.59,271.02,545.46,68.51
132097,NNAPI,68,114.71,512.00,282.06,290.51,560.32,114.64
132204,NNAPI,69,106.83,512.00,286.30,294.70,569.03,206.88
132307,NNAPI,69,107.20,512.00,238.67,247.13,516.32,106.75
132408,NNAPI,69,107.82,512.00,277.75,286.17,551.07,98.63
132509,NNAPI,70,114.02,512.00,262.54,270.97,543.79,178.08
132610,NNAPI,70,118.78,512.00,262.57,270.97,551.27,78.92
132713,NNAPI,70,119.37,512.00,301.65,310.02,583.18,185.04
132816,NNAPI,71,97.46,512.00,286.33,294.70,549.65,184.11
132918,NNAPI,71,102.32,512.00,238.75,247.18,510.46,59.05
133019,NNAPI,71,102.91,512.00,277.83,286.22,541.47,88.83
133120,NNAPI,72,109.13,512.00,262.57,270.97,536.45,168.07
133221,NNAPI,72,113.93,512.00,262.59,270.97,544.59,79.13
133326,NNAPI,72,114.75,512.00,289.83,298.23,571.76,95.29
133428,NNAPI,73,115.09,512.00,285.26,293.56,566.22,158.24
133529,NNAPI,73,106.88,512.00,238.81,247.21,515.68,88.41
133633,NNAPI,73,107.49,512.00,250.87,258.99,522.81,76.95
133735,NNAPI,74,107.84,512.00,264.79,273.41,528.65,158.01
133836,NNAPI,74,118.74,512.00,262.40,271.02,548.75,88.60
133942,NNAPI,74,119.33,512.00,274.42,282.79,557.72,47.15
134043,NNAPI,75,119.76,512.00,286.85,295.03,566.52,177.82
134146,NNAPI,75,102.25,512.00,238.68,247.30,510.65,116.62
134248,NNAPI,75,102.35,512.00,238.69,247.30,511.55,59.25
134351,NNAPI,76,103.45,512.00,249.78,257.98,504.50,135.08
134453,NNAPI,76,114.08,512.00,262.35,270.93,545.57,118.15
134555,NNAPI,76,114.15,512.00,262.36,270.93,545.53,98.06
134656,NNAPI,76,115.09,512.00,266.28,274.83,545.48,118.62
134757,NNAPI,77,107.15,512.00,238.76,247.36,517.78,178.07
134858,NNAPI,77,107.22,512.00,238.77,247.36,515.85,49.27
134960,NNAPI,77,107.86,512.00,254.34,262.95,526.53,98.72
135061,NNAPI,78,118.79,512.00,275.75,284.32,565.58,157.96
135163,NNAPI,78,118.87,512.00,275.77,284.32,564.80,58.95
135264,NNAPI,78,119.69,512.00,314.85,323.36,601.69,118.52
135369,NNAPI,79,97.47,512.00,312.82,321.36,579.92,239.11
135473,NNAPI,79,102.32,512.00,238.77,247.34,510.53,105.81
135574,NNAPI,79,102.92,512.00,277.85,286.38,539.19,108.60
135675,NNAPI,80,109.26,512.00,275.66,284.21,548.65,158.36
135776,NNAPI,80,114.28,512.00,275.68,284.21,558.52,88.80
135878,NNAPI,80,114.90,512.00,314.76,323.25,588.09,79.03
135979,NNAPI,81,121.21,512.00,312.67,321.18,597.55,168.29
136080,NNAPI,81,106.88,512.00,238.73,247.27,515.05,98.75
136184,NNAPI,81,107.50,512.00,250.67,259.05,522.99,67.36
136285,NNAPI,82,108.14,512.00,249.85,257.95,514.75,148.34
136386,NNAPI,82,118.77,512.00,262.36,270.86,550.35,88.83
136488,NNAPI,82,118.85,512.00,262.37,270.86,551.46,58.99
136590,NNAPI,83,119.80,512.00,286.79,294.85,553.76,117.74
136692,NNAPI,83,102.25,512.00,238.75,247.27,513.20,165.52
136794,NNAPI,83,102.59,512.00,238.77,247.27,511.91,69.02
136895,NNAPI,84,103.47,512.00,247.75,256.17,497.38,118.14
136997,NNAPI,84,114.10,512.00,262.47,270.94,546.81,147.63
137100,NNAPI,84,114.18,512.00,262.49,270.94,544.88,96.95
137202,NNAPI,84,115.03,512.00,278.08,286.53,556.93,117.77
137303,NNAPI,85,107.15,512.00,238.80,247.29,514.30,158.18
137405,NNAPI,85,107.22,512.00,238.82,247.29,515.47,78.97
137507,NNAPI,85,107.84,512.00,258.27,266.78,530.17,88.13
137608,NNAPI,86,118.83,512.00,275.81,284.27,565.27,148.15
137709,NNAPI,86,118.91,512.00,275.83,284.27,564.50,108.45
137811,NNAPI,86,119.74,512.00,314.91,323.31,599.46,88.52
137913,NNAPI,87,97.50,512.00,250.28,258.73,511.33,186.63
138015,NNAPI,87,102.33,512.00,238.41,246.86,510.88,68.60
138118,NNAPI,87,102.91,512.00,277.49,285.91,540.79,97.19
138219,NNAPI,88,109.16,512.00,275.07,283.51,548.98,168.27
138320,NNAPI,88,114.16,512.00,275.10,283.51,557.36,79.19
138421,NNAPI,88,114.76,512.00,314.18,322.55,586.03,78.75
138523,NNAPI,89,120.99,512.00,311.59,319.98,591.07,168.12
138624,NNAPI,89,108.16,512.00,238.37,246.79,515.79,89.04
138726,NNAPI,89,108.75,512.00,265.60,274.05,539.47,68.22
138827,NNAPI,90,109.39,512.00,274.86,283.27,550.37,158.08
138929,NNAPI,90,120.03,512.00,274.88,283.27,563.06,88.92
139031,NNAPI,90,120.62,512.00,286.89,295.04,573.20,77.92
139132,NNAPI,91,120.96,512.00,309.36,317.71,596.32,187.82
139234,NNAPI,91,102.25,512.00,238.37,246.78,509.74,88.72
139336,NNAPI,91,103.10,512.00,250.25,258.55,513.32,78.60
139437,NNAPI,92,103.48,512.00,262.27,270.42,528.82,177.62
139538,NNAPI,92,114.11,512.00,274.81,283.17,557.42,98.66
139640,NNAPI,92,114.70,512.00,286.69,294.95,561.27,69.02
139741,NNAPI,93,115.12,512.00,298.95,306.88,573.52,158.13
139842,NNAPI,93,108.35,512.00,238.51,246.88,516.72,118.64
139948,NNAPI,93,108.94,512.00,250.45,258.66,525.19,47.27
140052,NNAPI,94,109.32,512.00,272.96,281.30,553.04,173.54
140153,NNAPI,94,119.95,512.00,274.98,283.31,563.71,79.11
140254,NNAPI,94,120.50,512.00,314.06,322.35,592.40,68.95
140355,NNAPI,95,127.02,512.00,311.41,319.71,601.27,177.92
140457,NNAPI,95,102.25,512.00,238.38,246.73,509.48,108.81
140558,NNAPI,95,102.84,512.00,265.62,273.98,536.71,78.90
140659,NNAPI,96,103.22,512.00,275.01,283.34,544.30,167.72
140761,NNAPI,96,113.88,512.00,275.03,283.34,556.86,98.24
140864,NNAPI,96,114.71,512.00,287.10,295.11,565.68,67.96
140965,NNAPI,97,115.09,512.00,313.93,322.20,585.92,158.29
141067,NNAPI,97,108.09,512.00,238.51,246.83,515.86,108.43
141168,NNAPI,97,108.68,512.00,265.75,274.09,528.04,98.35
141272,NNAPI,98,109.06,512.00,273.01,281.29,552.96,164.49
141373,NNAPI,98,119.92,512.00,275.03,283.30,563.32,69.06
141475,NNAPI,98,120.51,512.00,287.03,295.08,574.63,87.98
141592,NNAPI,99,120.92,512.00,326.97,335.22,613.54,154.58
141693,NNAPI,99,102.25,512.00,238.50,246.79,510.43,118.38
141796,NNAPI,99,102.32,512.00,238.51,246.79,508.89,67.91
141897,NNAPI,99,103.37,512.00,254.11,262.38,521.18,108.68
141998,NNAPI,100,114.13,512.00,275.06,283.30,559.49,158.43
142101,NNAPI,100,114.20,512.00,275.07,283.30,558.84,48.69
142203,NNAPI,101,115.06,512.00,299.20,307.00,559.87,127.71
142305,NNAPI,101,108.36,512.00,238.53,246.78,517.97,156.16
142407,NNAPI,101,108.43,512.00,238.55,246.78,516.04,79.00
142508,NNAPI,101,109.01,512.00,261.89,270.17,531.59,108.37
142610,NNAPI,102,119.91,512.00,275.23,283.44,565.79,147.77
142712,NNAPI,102,119.98,512.00,275.24,283.44,563.86,98.11
142813,NNAPI,102,120.84,512.00,290.82,299.02,575.42,127.87
142915,NNAPI,103,102.25,512.00,238.57,246.79,512.09,177.18
143017,NNAPI,103,102.33,512.00,238.59,246.79,511.45,49.09
143119,NNAPI,104,103.19,512.00,262.70,270.49,512.66,126.84
143221,NNAPI,104,113.86,512.00,275.09,283.27,559.33,127.78
143324,NNAPI,104,114.16,512.00,275.10,283.27,557.59,87.02
143426,NNAPI,104,114.78,512.00,298.45,306.66,576.71,118.31
143527,NNAPI,105,108.09,512.00,238.64,247.08,518.32,168.05
143628,NNAPI,105,108.16,512.00,238.65,247.08,516.39,68.95
143734,NNAPI,105,108.75,512.00,258.10,266.57,531.03,94.36
143836,NNAPI,106,119.96,512.00,275.19,283.59,565.71,147.83
143939,NNAPI,106,120.03,512.00,275.20,283.59,562.62,77.54
144041,NNAPI,106,120.83,512.00,290.79,299.17,575.35,117.34
144146,NNAPI,107,102.25,512.00,238.65,247.06,512.51,191.30
144247,NNAPI,107,102.32,512.00,238.66,247.06,511.95,78.84
144349,NNAPI,107,103.15,512.00,250.33,258.75,519.81,88.81
144452,NNAPI,108,114.11,512.00,275.28,283.65,559.80,164.41
144554,NNAPI,108,114.19,512.00,275.29,283.65,559.03,98.09
144656,NNAPI,108,114.78,512.00,314.37,322.70,596.42,88.65
144757,NNAPI,109,108.09,512.00,238.67,247.06,519.59,177.02
144859,NNAPI,109,108.43,512.00,238.69,247.06,517.27,97.78
144960,NNAPI,109,109.01,512.00,277.77,286.11,545.61,98.99
145062,NNAPI,110,115.26,512.00,275.28,283.64,554.46,158.27
145163,NNAPI,110,119.99,512.00,275.31,283.64,564.17,78.98
145264,NNAPI,110,120.58,512.00,314.39,322.68,591.32,98.53
145366,NNAPI,111,121.20,512.00,309.97,318.27,596.96,177.93
145467,NNAPI,111,102.26,512.00,238.86,247.21,510.86,147.15
145571,NNAPI,111,102.33,512.00,238.87,247.21,511.96,116.00
145673,NNAPI,112,103.22,512.00,262.98,270.90,512.10,215.75
145776,NNAPI,112,113.89,512.00,275.35,283.67,559.77,183.63
145878,NNAPI,112,114.20,512.00,275.37,283.67,558.02,88.21
145981,NNAPI,112,114.78,512.00,294.86,303.16,571.54,107.54
146086,NNAPI,113,108.09,512.00,238.73,247.06,515.11,160.83
146187,NNAPI,113,108.17,512.00,238.75,247.06,517.43,79.15
146289,NNAPI,113,108.75,512.00,269.98,278.26,547.22,98.88
146390,NNAPI,114,119.92,512.00,275.68,283.96,563.30,158.04
146494,NNAPI,114,120.00,512.00,275.69,283.96,564.47,48.05
146598,NNAPI,114,120.63,512.00,295.15,303.45,579.80,96.46
146704,NNAPI,115,102.25,512.00,239.34,247.64,511.21,188.66
146805,NNAPI,115,102.33,512.00,239.36,247.64,512.50,88.68
146907,NNAPI,115,103.18,512.00,278.44,286.69,549.10,88.40
147008,NNAPI,116,114.04,512.00,263.00,271.25,549.18,157.69
147110,NNAPI,116,114.12,512.00,263.01,271.25,546.90,88.25
147212,NNAPI,116,114.75,512.00,302.09,310.29,584.10,78.63
147315,NNAPI,117,106.86,512.00,286.62,294.80,569.83,185.05
147418,NNAPI,117,107.22,512.00,239.17,247.41,517.73,87.42
147519,NNAPI,117,107.84,512.00,278.25,286.45,553.50,78.86
147620,NNAPI,118,118.71,512.00,262.88,271.09,553.63,167.94
147722,NNAPI,118,118.78,512.00,262.90,271.09,551.54,68.97
147824,NNAPI,118,119.41,512.00,301.98,310.13,589.00,78.43
147926,NNAPI,119,102.26,512.00,239.16,247.64,513.78,195.73
148029,NNAPI,119,102.33,512.00,239.17,247.64,511.63,117.00
148130,NNAPI,119,102.92,512.00,278.25,286.68,548.90,98.55
148231,NNAPI,120,113.89,512.00,262.83,271.26,549.05,157.93
148334,NNAPI,120,114.23,512.00,262.84,271.26,546.98,58.58
148435,NNAPI,120,114.85,512.00,301.92,310.30,583.46,89.05
148536,NNAPI,121,125.84,512.00,299.58,307.97,591.59,187.83
148637,NNAPI,121,106.96,512.00,239.09,247.53,515.34,108.69
148742,NNAPI,121,107.58,512.00,251.10,259.31,525.05,76.26
148843,NNAPI,122,108.22,512.00,265.29,273.69,534.49,158.18
148945,NNAPI,122,118.85,512.00,262.90,271.29,551.23,98.73
149048,NNAPI,122,119.40,512.00,274.84,283.07,558.66,48.24
149153,NNAPI,123,119.82,512.00,315.58,323.94,589.79,172.46
149255,NNAPI,123,102.25,512.00,239.34,247.76,510.87,106.94
149365,NNAPI,123,103.11,512.00,251.22,259.54,522.09,91.36
149478,NNAPI,124,104.65,512.00,264.20,272.60,535.15,159.86
149580,NNAPI,124,114.12,512.00,263.05,271.42,545.30,126.92
149682,NNAPI,124,114.19,512.00,263.06,271.42,544.66,128.00
149785,NNAPI,125,115.18,512.00,285.33,293.60,546.67,202.35
149890,NNAPI,125,106.86,512.00,282.31,290.66,560.54,210.84
149994,NNAPI,125,106.96,512.00,239.39,247.77,517.45,152.71
150097,NNAPI,125,107.59,512.00,278.47,286.82,554.54,175.52
150198,NNAPI,126,118.56,512.00,276.13,284.49,563.69,167.69
150300,NNAPI,126,118.63,512.00,276.14,284.49,564.59,68.72
150401,NNAPI,126,119.45,512.00,315.22,323.53,602.00,98.78
150505,NNAPI,127,102.25,512.00,239.30,247.67,514.25,193.37
150607,NNAPI,127,102.33,512.00,239.31,247.67,510.94,58.93
150708,NNAPI,127,102.94,512.00,258.76,267.16,525.38,108.23
150812,NNAPI,128,113.94,512.00,276.27,284.61,560.69,144.12
150914,NNAPI,128,114.26,512.00,276.29,284.61,560.13,59.09
151015,NNAPI,128,114.88,512.00,287.95,296.29,567.86,98.73
151117,NNAPI,129,106.86,512.00,281.51,289.81,560.48,176.28
151218,NNAPI,129,106.96,512.00,238.68,247.01,515.97,108.81
151320,NNAPI,129,107.58,512.00,277.76,286.05,553.47,88.68
151421,NNAPI,130,118.88,512.00,275.58,283.88,566.66,167.38
151524,NNAPI,130,118.95,512.00,275.59,283.88,564.43,87.73
151626,NNAPI,130,119.50,512.00,314.67,322.92,599.89,98.16
151727,NNAPI,131,97.54,512.00,243.30,251.64,508.02,197.74
151828,NNAPI,131,102.33,512.00,241.26,249.57,513.88,88.82
151930,NNAPI,131,103.18,512.00,280.35,288.61,547.33,98.38
152032,NNAPI,132,109.58,512.00,280.09,288.38,555.13,176.70
152133,NNAPI,132,114.31,512.00,280.12,288.38,563.84,88.72
152235,NNAPI,132,114.91,512.00,319.20,327.43,595.52,68.59
152337,NNAPI,133,121.25,512.00,318.95,327.20,605.16,186.62
152439,NNAPI,133,107.16,512.00,241.29,249.57,517.75,108.58
152540,NNAPI,133,107.77,512.00,280.37,288.61,548.51,88.79
152641,NNAPI,134,114.17,512.00,280.12,288.38,558.75,188.03
152742,NNAPI,134,118.93,512.00,280.14,288.38,567.39,69.25
152845,NNAPI,134,119.49,512.00,291.89,300.16,578.54,87.56
152946,NNAPI,135,120.26,512.00,304.22,312.66,589.74,158.10
153049,NNAPI,135,102.27,512.00,228.06,236.57,498.38,116.77
153151,NNAPI,135,102.86,512.00,240.13,248.35,508.63,98.14
153252,NNAPI,136,103.27,512.00,252.14,260.60,520.61,157.59
153354,NNAPI,136,113.90,512.00,253.31,261.79,534.65,69.02
153455,NNAPI,136,114.76,512.00,265.13,273.56,546.14,69.02
153558,NNAPI,137,121.06,512.00,278.55,287.00,562.38,155.21
153661,NNAPI,137,108.18,512.00,228.09,236.57,504.20,97.66
153763,NNAPI,137,108.77,512.00,255.33,263.83,530.84,116.56
153865,NNAPI,138,109.12,512.00,243.63,251.78,515.81,167.19
153968,NNAPI,138,120.01,512.00,251.11,259.55,537.34,136.33
154069,NNAPI,138,120.08,512.00,251.11,259.55,536.57,158.09
154171,NNAPI,138,120.86,512.00,255.05,263.45,539.93,177.23
154274,NNAPI,139,102.27,512.00,228.11,236.57,495.95,184.29
154377,NNAPI,139,102.34,512.00,228.13,236.57,497.06,106.69
154478,NNAPI,139,103.17,512.00,267.21,275.61,534.25,98.36
154580,NNAPI,140,114.11,512.00,253.36,261.78,537.10,147.95
154682,NNAPI,140,114.18,512.00,253.37,261.78,534.13,68.34
154783,NNAPI,140,114.78,512.00,292.45,300.82,573.40,108.86
154886,NNAPI,141,108.37,512.00,228.15,236.57,508.80,165.91
154987,NNAPI,141,108.44,512.00,228.16,236.57,504.32,99.13
155088,NNAPI,141,109.03,512.00,267.24,275.61,540.25,98.93
155190,NNAPI,142,119.93,512.00,253.40,261.78,544.68,147.24
155292,NNAPI,142,120.00,512.00,253.41,261.78,542.60,87.93
155394,NNAPI,142,120.86,512.00,292.50,300.82,580.04,98.50
155495,NNAPI,143,102.27,512.00,228.18,236.57,503.23,167.18
155597,NNAPI,143,102.34,512.00,228.19,236.57,500.91,88.14
155700,NNAPI,143,102.93,512.00,267.27,275.61,538.09,96.95
155802,NNAPI,144,113.87,512.00,253.42,261.78,534.14,138.12
155903,NNAPI,144,114.21,512.00,253.44,261.78,536.66,79.01
156006,NNAPI,144,114.83,512.00,272.92,281.27,548.14,97.36
156108,NNAPI,145,106.87,512.00,278.68,286.98,557.45,137.50
156210,NNAPI,145,106.97,512.00,228.23,236.57,505.84,87.78
156312,NNAPI,145,107.59,512.00,267.30,275.61,542.75,78.77
156418,NNAPI,146,118.80,512.00,253.46,261.78,542.48,131.85
156519,NNAPI,146,118.87,512.00,253.48,261.78,541.71,68.90
156622,NNAPI,146,119.45,512.00,272.95,281.27,553.13,97.08
156725,NNAPI,147,102.27,512.00,228.24,236.57,498.17,156.53
156826,NNAPI,147,102.34,512.00,228.26,236.57,500.50,88.92
156928,NNAPI,147,103.19,512.00,239.92,248.25,506.96,107.89
157031,NNAPI,148,114.10,512.00,253.49,261.78,537.84,126.18
157132,NNAPI,148,114.17,512.00,253.51,261.78,535.90,88.77
157234,NNAPI,148,114.95,512.00,257.43,265.68,544.71,98.46
157335,NNAPI,149,106.90,512.00,228.27,236.57,506.38,148.29
157437,NNAPI,149,107.24,512.00,228.29,236.57,505.95,58.95
157538,NNAPI,150,108.13,512.00,245.42,253.32,508.67,118.40
157639,NNAPI,150,118.72,512.00,253.53,261.78,541.07,108.74
157741,NNAPI,150,119.31,512.00,265.47,273.55,540.80,78.41
157863,NNAPI,151,125.53,512.00,278.76,286.99,567.64,131.03
157965,NNAPI,151,102.54,512.00,228.31,236.57,500.12,89.03
158066,NNAPI,151,102.61,512.00,228.32,236.57,501.41,98.30
158168,NNAPI,152,103.46,512.00,245.43,253.31,501.89,118.02
158269,NNAPI,152,114.09,512.00,253.54,261.78,536.06,108.48
158374,NNAPI,152,114.68,512.00,265.49,273.55,541.71,47.66
158476,NNAPI,153,115.33,512.00,277.07,285.27,557.67,166.36
158578,NNAPI,153,106.91,512.00,228.33,236.57,503.79,98.54
158682,NNAPI,153,107.52,512.00,255.56,263.83,530.82,86.73
158783,NNAPI,154,113.73,512.00,253.55,261.78,531.98,158.31
158884,NNAPI,154,118.50,512.00,253.57,261.78,539.41,88.99
158985,NNAPI,154,119.36,512.00,292.66,300.82,570.57,88.78
159091,NNAPI,155,97.54,512.00,229.51,237.75,492.74,161.26
159192,NNAPI,155,102.34,512.00,228.36,236.57,500.12,88.73
159294,NNAPI,155,102.92,512.00,267.44,275.61,530.87,68.91
159395,NNAPI,156,113.86,512.00,253.58,261.78,533.61,158.30
159496,NNAPI,156,114.17,512.00,253.61,261.78,536.98,78.92
159598,NNAPI,156,114.77,512.00,292.69,300.82,573.74,78.85
159699,NNAPI,157,106.87,512.00,256.44,264.60,532.12,147.65
159801,NNAPI,157,106.97,512.00,228.39,236.57,505.45,98.64
159902,NNAPI,157,107.59,512.00,267.47,275.61,542.40,98.12
160004,NNAPI,158,118.76,512.00,253.63,261.78,543.85,138.32
160105,NNAPI,158,118.83,512.00,253.64,261.78,541.76,68.92
160207,NNAPI,158,119.42,512.00,292.72,300.82,578.45,88.51
160309,NNAPI,159,102.27,512.00,228.41,236.57,502.84,177.08
160411,NNAPI,159,102.34,512.00,228.42,236.57,500.62,97.56
160513,NNAPI,159,103.17,512.00,267.50,275.61,538.09,98.14
160615,NNAPI,160,114.08,512.00,253.66,261.78,539.31,137.73
160716,NNAPI,160,114.18,512.00,253.67,261.78,537.22,78.80
160819,NNAPI,160,114.81,512.00,273.12,281.27,551.41,116.36
160921,NNAPI,161,106.90,512.00,228.44,236.57,506.25,157.37
161022,NNAPI,161,107.24,512.00,228.45,236.57,505.68,49.41
161126,NNAPI,161,107.86,512.00,244.01,252.16,516.07,105.88
161228,NNAPI,162,118.76,512.00,253.68,261.78,542.41,127.29
161330,NNAPI,162,118.83,512.00,253.70,261.78,540.48,88.35
161433,NNAPI,163,120.03,512.00,257.62,265.68,541.80,125.92
161536,NNAPI,163,102.27,512.00,228.47,236.57,501.64,146.27
161637,NNAPI,163,102.34,512.00,228.48,236.57,499.71,69.20
161738,NNAPI,163,103.24,512.00,244.07,252.16,511.14,98.95
161839,NNAPI,164,114.06,512.00,253.71,261.78,537.77,138.39
161942,NNAPI,164,114.37,512.00,253.73,261.78,536.04,68.12
162043,NNAPI,164,115.12,512.00,269.31,277.36,547.95,118.48
162145,NNAPI,165,106.90,512.00,228.50,236.82,506.68,148.11
162246,NNAPI,165,106.97,512.00,228.51,236.82,504.75,88.28
162349,NNAPI,165,107.72,512.00,244.09,252.41,516.32,117.49
162450,NNAPI,166,118.80,512.00,253.74,262.03,542.56,128.59
162551,NNAPI,166,118.87,512.00,253.76,262.03,541.14,69.22
162652,NNAPI,167,119.80,512.00,270.88,278.78,543.08,118.71
162753,NNAPI,167,102.27,512.00,228.52,236.82,501.60,147.88
162855,NNAPI,167,102.34,512.00,228.54,236.82,499.66,68.84
162957,NNAPI,167,103.39,512.00,232.46,240.72,502.97,118.14
163058,NNAPI,168,114.11,512.00,253.77,262.03,538.23,128.43
163161,NNAPI,168,114.18,512.00,253.78,262.03,536.56,48.51
163262,NNAPI,169,115.08,512.00,270.94,278.81,538.21,118.41
163364,NNAPI,169,106.91,512.00,228.55,236.82,506.46,147.88
163465,NNAPI,169,107.24,512.00,228.57,236.82,506.03,108.38
163569,NNAPI,170,108.17,512.00,245.71,253.59,511.72,134.85
163672,NNAPI,170,118.77,512.00,253.80,262.03,540.05,106.83
163784,NNAPI,170,119.36,512.00,265.68,273.80,544.91,89.37
163886,NNAPI,171,119.71,512.00,279.03,287.24,564.07,166.80
163988,NNAPI,171,102.54,512.00,228.58,236.82,499.05,87.71
164091,NNAPI,171,103.13,512.00,255.82,264.08,515.48,126.10
164196,NNAPI,172,103.47,512.00,263.29,271.50,532.22,200.58
164300,NNAPI,172,114.06,512.00,253.82,262.03,533.68,106.43
164403,NNAPI,172,114.14,512.00,253.84,262.03,536.01,115.56
164506,NNAPI,172,115.03,512.00,273.27,281.52,551.62,135.81
164609,NNAPI,173,106.91,512.00,228.59,236.82,505.82,165.18
164711,NNAPI,173,106.98,512.00,228.60,236.82,505.05,88.73
164813,NNAPI,173,107.61,512.00,267.68,275.86,540.11,117.96
164915,NNAPI,174,118.54,512.00,253.83,262.03,534.70,146.34
165017,NNAPI,174,118.85,512.00,253.86,262.03,540.72,108.36
165119,NNAPI,174,119.44,512.00,265.67,273.80,549.94,98.04
165221,NNAPI,175,119.84,512.00,271.02,278.82,544.12,165.39
165325,NNAPI,175,102.27,512.00,228.63,236.82,499.90,124.93
165431,NNAPI,175,102.34,512.00,228.64,236.82,499.13,75.97
165533,NNAPI,175,103.17,512.00,267.72,275.86,533.73,137.25
165635,NNAPI,176,109.42,512.00,253.87,262.03,527.58,175.24
165738,NNAPI,176,114.22,512.00,253.89,262.03,533.69,68.36
165841,NNAPI,176,114.84,512.00,265.70,273.80,534.32,87.63
165942,NNAPI,177,115.18,512.00,270.85,278.77,535.03,118.59
166050,NNAPI,177,106.88,512.00,256.71,264.85,525.89,166.74
166153,NNAPI,177,106.98,512.00,228.67,236.82,503.65,77.54
166254,NNAPI,177,107.61,512.00,267.75,275.86,540.69,78.89
166358,NNAPI,178,118.58,512.00,253.90,262.03,541.71,134.99
166459,NNAPI,178,118.65,512.00,253.92,262.03,539.62,69.13
166562,NNAPI,178,119.47,512.00,293.00,301.07,575.57,107.37
166664,NNAPI,179,102.27,512.00,228.69,236.82,500.95,166.60
166766,NNAPI,179,102.34,512.00,228.70,236.82,498.11,68.54
166867,NNAPI,179,102.94,512.00,267.78,275.86,532.68,79.16
166968,CPU4T,1,109.22,512.00,267.55,275.63,534.67,168.20
167070,CPU4T,1,114.25,512.00,267.59,275.63,539.73,383.19
167172,CPU4T,1,114.84,512.00,306.66,314.68,571.79,379.85
167274,CPU4T,2,120.98,512.00,304.05,312.09,576.46,157.46
167375,CPU4T,2,106.91,512.00,239.70,247.78,507.49,335.06
167478,CPU4T,2,107.06,512.00,239.72,247.78,507.49,417.66
167585,CPU4T,2,107.86,512.00,259.16,267.27,523.62,254.45
167686,CPU4T,3,118.89,512.00,251.87,259.89,530.12,265.74
167789,CPU4T,3,118.93,512.00,251.89,259.89,530.12,396.91
167894,CPU4T,3,119.52,512.00,263.54,271.58,543.99,267.49
167999,CPU4T,4,102.45,512.00,228.77,236.82,494.22,315.94
168102,CPU4T,4,102.61,512.00,228.80,236.82,494.64,394.54
168207,CPU4T,4,103.20,512.00,267.86,275.86,529.31,353.61
168309,CPU4T,5,114.16,512.00,254.01,262.03,524.80,196.05
168414,CPU4T,5,114.20,512.00,254.04,262.03,524.80,382.32
168518,CPU4T,5,114.89,512.00,266.16,273.80,532.41,440.03
168622,CPU4T,6,115.60,512.00,271.07,278.75,531.56,240.10
168724,CPU4T,6,108.12,512.00,242.05,250.07,515.67,303.97
168827,CPU4T,6,108.19,512.00,242.07,250.07,515.67,370.11
168929,CPU4T,6,108.79,512.00,281.14,289.11,552.42,353.77
169031,CPU4T,7,109.35,512.00,278.83,286.81,552.55,253.35
169135,CPU4T,7,120.25,512.00,280.92,288.88,566.17,299.51
169239,CPU4T,7,120.32,512.00,280.94,288.88,566.38,412.49
169345,CPU4T,7,120.90,512.00,300.47,308.37,579.92,245.74
169454,CPU4T,8,127.27,512.00,319.75,327.70,608.67,174.64
169555,CPU4T,8,102.54,512.00,242.09,250.07,510.28,384.17
169660,CPU4T,8,102.61,512.00,242.11,250.07,510.49,393.12
169764,CPU4T,8,103.20,512.00,253.76,261.75,529.45,296.86
169870,CPU4T,9,109.57,512.00,280.93,288.88,554.57,329.71
169977,CPU4T,9,114.34,512.00,280.95,288.88,559.98,365.64
170080,CPU4T,9,114.65,512.00,280.98,288.88,560.19,406.33
170185,CPU4T,9,115.24,512.00,292.62,300.57,569.34,296.70
170292,CPU4T,10,121.36,512.00,319.79,327.95,601.34,334.01
170396,CPU4T,10,108.12,512.00,242.12,250.32,515.85,358.41
170500,CPU4T,10,108.19,512.00,242.14,250.32,515.85,382.87
170605,CPU4T,10,109.02,512.00,281.21,289.36,546.97,362.32
170708,CPU4T,11,109.53,512.00,267.52,275.65,534.91,242.60
170810,CPU4T,11,120.19,512.00,280.98,289.38,566.23,274.02
170916,CPU4T,11,120.26,512.00,281.00,289.38,566.23,399.26
171019,CPU4T,11,120.82,512.00,308.22,316.64,594.21,483.54
171121,CPU4T,12,121.31,512.00,306.38,314.46,574.21,274.21
171226,CPU4T,12,102.28,512.00,268.20,276.60,532.17,322.64
171331,CPU4T,12,102.35,512.00,242.16,250.57,510.52,403.10
171443,CPU4T,12,102.95,512.00,254.34,262.35,520.21,445.41
171549,CPU4T,13,103.48,512.00,267.47,275.57,520.81,236.00
171651,CPU4T,13,114.35,512.00,281.01,289.38,560.77,292.43
171755,CPU4T,13,114.42,512.00,281.03,289.38,560.77,406.39
171860,CPU4T,13,115.03,512.00,320.10,328.43,592.46,408.14
171969,CPU4T,14,115.25,512.00,322.48,330.81,599.30,284.32
172077,CPU4T,14,106.88,512.00,276.31,284.70,547.01,371.51
172181,CPU4T,14,107.25,512.00,242.20,250.57,515.39,403.60
172286,CPU4T,14,107.86,512.00,281.27,289.61,544.48,439.46
172391,CPU4T,15,108.39,512.00,267.59,275.67,527.86,303.85
172494,CPU4T,15,118.99,512.00,281.04,289.38,564.93,280.49
172598,CPU4T,15,119.30,512.00,281.06,289.38,565.15,405.31
172702,CPU4T,15,119.90,512.00,293.12,301.16,577.52,468.74
172808,CPU4T,16,120.19,512.00,306.40,314.43,574.28,254.53
172915,CPU4T,16,102.28,512.00,268.27,276.70,532.81,337.23
173020,CPU4T,16,102.35,512.00,242.26,250.68,510.96,400.63
173124,CPU4T,16,103.18,512.00,269.49,277.93,538.85,423.48
173228,CPU4T,17,103.82,512.00,283.73,292.10,541.93,250.73
173336,CPU4T,17,114.45,512.00,281.11,289.49,560.20,333.55
173440,CPU4T,17,114.53,512.00,281.13,289.49,560.20,391.56
173547,CPU4T,17,115.08,512.00,308.35,316.75,583.59,457.70
173654,CPU4T,18,115.85,512.00,306.47,314.77,571.19,290.79
173758,CPU4T,18,108.09,512.00,242.27,251.18,516.37,315.74
173863,CPU4T,18,108.19,512.00,242.30,251.18,516.37,401.52
173967,CPU4T,18,108.79,512.00,254.54,262.95,527.50,452.35
174075,CPU4T,18,108.90,512.00,261.74,270.66,529.10,286.49
174183,CPU4T,19,120.19,512.00,281.13,289.99,565.89,334.34
174289,CPU4T,19,120.26,512.00,281.16,289.99,566.09,396.19
174394,CPU4T,19,120.84,512.00,293.40,301.77,573.44,409.10
174499,CPU4T,20,121.22,512.00,285.08,293.89,568.16,303.26
174607,CPU4T,20,103.45,512.00,320.00,328.80,589.02,419.81
174723,CPU4T,20,102.59,512.00,242.33,251.18,510.44,395.62
174827,CPU4T,20,103.20,512.00,254.45,262.95,522.46,460.77
174934,CPU4T,21,103.70,512.00,267.39,276.19,512.07,262.19
175041,CPU4T,21,114.34,512.00,281.16,289.99,560.24,318.90
175145,CPU4T,21,114.57,512.00,281.19,289.99,560.24,393.22
175248,CPU4T,21,115.24,512.00,293.44,301.77,568.84,435.71
175354,CPU4T,22,115.71,512.00,285.11,293.89,562.36,310.94
175462,CPU4T,22,112.82,512.00,242.34,251.18,520.40,335.47
175566,CPU4T,22,112.89,512.00,242.36,251.18,520.40,391.30
175670,CPU4T,22,113.72,512.00,254.54,262.95,531.79,452.81
175772,CPU4T,23,114.25,512.00,267.39,276.17,522.71,255.55
175874,CPU4T,23,124.89,512.00,281.20,289.99,571.11,332.97
175978,CPU4T,23,124.96,512.00,281.22,289.99,571.11,411.70
176084,CPU4T,23,125.00,512.00,281.23,289.99,571.11,387.86
176188,CPU4T,23,125.83,512.00,300.76,309.48,585.59,347.08
176291,CPU4T,24,97.65,512.00,263.17,272.01,522.99,427.68
176397,CPU4T,24,102.41,512.00,263.20,272.01,530.93,339.73
176501,CPU4T,24,102.49,512.00,263.22,272.01,530.93,392.14
176605,CPU4T,24,103.08,512.00,302.28,311.05,570.18,298.24
176715,CPU4T,25,109.71,512.00,302.03,310.82,577.61,283.40
176820,CPU4T,25,114.47,512.00,302.07,310.82,581.47,387.22
176925,CPU4T,25,115.09,512.00,314.19,322.60,585.89,402.52
177030,CPU4T,26,115.60,512.00,327.37,335.82,602.05,303.62
177141,CPU4T,26,102.31,512.00,244.46,253.25,512.16,325.50
177246,CPU4T,26,102.62,512.00,244.49,253.25,512.36,389.35
177351,CPU4T,26,103.20,512.00,271.70,280.51,539.70,457.29
177458,CPU4T,27,103.68,512.00,269.80,278.26,534.57,300.59
177567,CPU4T,27,102.17,512.00,283.32,292.06,548.43,357.09
177671,CPU4T,27,102.30,512.00,242.44,251.18,510.54,413.92
177776,CPU4T,27,103.16,512.00,269.66,278.43,537.60,463.52
177883,CPU4T,28,103.38,512.00,283.89,292.60,538.30,263.16
177988,CPU4T,28,114.02,512.00,281.28,289.99,560.61,314.65
178094,CPU4T,28,114.09,512.00,281.30,289.99,560.61,383.80
178199,CPU4T,28,114.67,512.00,308.53,317.25,585.15,467.91
178305,CPU4T,29,115.20,512.00,306.67,314.99,576.31,312.19
178410,CPU4T,29,111.58,512.00,262.51,271.23,537.65,304.21
178514,CPU4T,29,111.68,512.00,242.46,251.18,519.69,394.93
178628,CPU4T,29,112.31,512.00,254.58,262.95,532.04,437.15
178734,CPU4T,30,112.99,512.00,246.39,255.08,521.02,302.42
178839,CPU4T,30,123.64,512.00,281.30,289.99,570.05,314.34
178944,CPU4T,30,123.71,512.00,281.33,289.99,570.26,381.64
179052,CPU4T,30,124.34,512.00,293.38,301.77,581.73,471.19
179159,CPU4T,31,124.58,512.00,306.65,315.00,579.09,279.66
179266,CPU4T,31,102.55,512.00,248.49,257.15,514.99,357.18
179372,CPU4T,31,102.62,512.00,242.52,251.18,511.10,375.49
179476,CPU4T,31,103.20,512.00,254.45,262.95,523.05,460.98
179582,CPU4T,32,103.39,512.00,267.77,276.14,520.14,255.28
179686,CPU4T,32,114.03,512.00,281.35,289.99,560.13,319.17
179790,CPU4T,32,114.34,512.00,281.37,289.99,560.34,403.03
179894,CPU4T,32,114.92,512.00,293.62,301.77,570.29,422.87
179999,CPU4T,33,115.43,512.00,304.55,313.14,562.30,285.65
180106,CPU4T,33,126.12,512.00,320.20,328.80,606.09,363.38
180211,CPU4T,33,106.99,512.00,242.53,251.18,515.18,427.56
180325,CPU4T,33,107.85,512.00,254.53,262.95,527.13,466.37
180433,CPU4T,34,108.07,512.00,267.85,276.19,520.51,259.10
180537,CPU4T,34,118.71,512.00,281.37,289.99,564.47,307.65
180643,CPU4T,34,118.78,512.00,281.39,289.99,564.47,388.41
180747,CPU4T,34,118.85,512.00,281.41,289.99,564.68,401.28
180851,CPU4T,34,119.71,512.00,300.96,309.48,580.65,376.43
180965,CPU4T,35,97.50,512.00,320.23,328.80,581.70,331.83
181072,CPU4T,35,102.36,512.00,242.55,251.18,510.95,402.50
181178,CPU4T,35,102.43,512.00,242.58,251.18,510.95,378.90
181283,CPU4T,35,103.03,512.00,254.22,262.86,522.08,314.84
181389,CPU4T,36,109.38,512.00,281.39,289.99,553.78,375.92
181495,CPU4T,36,114.14,512.00,281.42,289.99,560.74,366.65
181600,CPU4T,36,114.22,512.00,281.44,289.99,560.74,373.88
181703,CPU4T,36,114.80,512.00,320.50,329.03,599.95,338.01
181812,CPU4T,37,121.12,512.00,320.26,328.80,602.93,386.66
181916,CPU4T,37,108.32,512.00,242.59,251.18,516.80,364.45
182020,CPU4T,37,108.40,512.00,242.61,251.18,517.00,394.97
182126,CPU4T,37,108.99,512.00,258.16,266.76,529.65,302.81
182232,CPU4T,38,115.17,512.00,281.43,289.99,558.23,415.85
182336,CPU4T,38,102.49,512.00,242.60,251.18,509.14,392.02
182440,CPU4T,38,102.56,512.00,242.62,251.18,509.14,393.56
182546,CPU4T,38,103.18,512.00,281.69,290.22,548.18,320.09
182654,CPU4T,39,103.65,512.00,282.61,291.17,550.32,344.27
182759,CPU4T,39,114.29,512.00,281.46,289.99,560.74,315.51
182863,CPU4T,39,114.60,512.00,281.48,289.99,560.95,402.75
182967,CPU4T,39,115.19,512.00,293.13,301.67,569.33,307.96
183072,CPU4T,40,126.04,512.00,320.30,328.80,611.02,293.91
183178,CPU4T,40,111.65,512.00,242.64,251.18,520.21,443.83
183286,CPU4T,40,112.27,512.00,254.82,262.95,524.70,417.13
183393,CPU4T,40,112.58,512.00,262.10,270.66,537.98,363.29
183502,CPU4T,41,118.71,512.00,281.47,289.99,564.30,322.84
183609,CPU4T,41,123.48,512.00,281.50,289.99,570.23,374.35
183713,CPU4T,41,123.55,512.00,281.52,289.99,570.23,382.76
183817,CPU4T,41,124.10,512.00,320.58,329.03,609.48,374.41
183925,CPU4T,42,126.05,512.00,321.51,329.98,610.50,333.54
184034,CPU4T,42,102.33,512.00,242.66,251.18,510.69,367.47
184139,CPU4T,42,102.36,512.00,242.68,251.18,510.69,371.42
184242,CPU4T,42,102.96,512.00,281.75,290.22,549.65,329.03
184347,CPU4T,43,103.43,512.00,280.40,288.80,547.71,316.17
184453,CPU4T,43,114.29,512.00,281.53,289.99,561.14,321.19
184557,CPU4T,43,114.37,512.00,281.55,289.99,561.14,384.11
184660,CPU4T,43,114.98,512.00,320.61,329.03,600.59,337.79
184774,CPU4T,44,103.37,512.00,320.36,328.80,584.27,352.06
184881,CPU4T,44,108.43,512.00,242.71,251.18,517.07,402.51
184984,CPU4T,44,108.53,512.00,242.73,251.18,517.07,396.21
185088,CPU4T,44,109.13,512.00,254.37,262.86,526.24,327.47
185199,CPU4T,45,115.53,512.00,281.54,289.99,557.69,370.35
185305,CPU4T,45,120.29,512.00,281.56,289.99,566.71,320.77
185411,CPU4T,45,120.60,512.00,281.59,289.99,566.93,396.53
185516,CPU4T,45,121.18,512.00,293.23,301.67,577.07,340.67
185627,CPU4T,46,97.66,512.00,263.52,272.01,523.59,362.97
185730,CPU4T,46,102.42,512.00,263.55,272.01,531.32,347.35
185835,CPU4T,46,102.53,512.00,263.57,272.01,531.32,383.17
185938,CPU4T,46,103.36,512.00,302.64,311.05,567.29,386.22
186044,CPU4T,47,103.85,512.00,301.28,309.64,568.49,320.26
186152,CPU4T,47,114.49,512.00,302.41,310.82,581.48,334.56
186257,CPU4T,47,114.56,512.00,302.43,310.82,581.48,379.23
186363,CPU4T,47,91.65,512.00,322.74,331.11,571.77,425.49
186472,CPU4T,48,92.51,512.00,270.13,278.53,524.64,348.69
186580,CPU4T,48,103.14,512.00,267.52,275.91,536.98,316.75
186684,CPU4T,48,103.18,512.00,267.54,275.91,536.98,391.54
186789,CPU4T,48,103.77,512.00,294.76,303.17,564.27,430.80
186896,CPU4T,49,104.35,512.00,292.90,301.22,549.22,289.10
187001,CPU4T,49,115.21,512.00,306.38,314.98,586.23,305.99
187106,CPU4T,49,115.28,512.00,306.40,314.98,586.23,405.83
187224,CPU4T,49,101.28,512.00,318.52,326.75,588.10,425.31
187327,CPU4T,49,101.45,512.00,262.22,270.91,525.55,271.97
187437,CPU4T,50,112.48,512.00,279.19,287.82,557.04,300.51
187542,CPU4T,50,112.79,512.00,279.21,287.82,557.25,399.45
187645,CPU4T,50,112.86,512.00,279.23,287.82,557.25,387.03
187750,CPU4T,50,113.49,512.00,298.77,307.30,572.49,344.41
187858,CPU4T,51,124.45,512.00,316.35,324.92,605.65,361.66
187961,CPU4T,51,102.59,512.00,241.16,249.77,509.24,453.19
188066,CPU4T,51,103.21,512.00,253.34,261.54,516.14,428.68
188175,CPU4T,52,103.50,512.00,231.73,240.30,497.32,267.11
188282,CPU4T,52,114.25,512.00,264.97,273.54,544.48,297.51
188389,CPU4T,52,114.33,512.00,264.99,273.54,544.48,393.77
188495,CPU4T,52,115.15,512.00,276.65,285.22,557.26,462.45
188603,CPU4T,53,115.53,512.00,289.43,297.57,553.62,213.30
188706,CPU4T,53,111.58,512.00,284.23,293.03,554.88,301.81
188810,CPU4T,53,111.68,512.00,241.15,249.98,519.08,413.04
188914,CPU4T,53,112.31,512.00,268.38,277.24,546.15,432.68
189017,CPU4T,54,113.02,512.00,265.79,274.18,527.07,232.35
189120,CPU4T,54,123.68,512.00,278.38,287.18,567.75,339.44
189224,CPU4T,54,123.76,512.00,278.40,287.18,567.75,385.55
189328,CPU4T,54,124.34,512.00,290.58,298.96,576.63,434.29
189433,CPU4T,55,124.65,512.00,300.76,309.46,569.20,266.43
189538,CPU4T,55,102.27,512.00,279.91,288.68,544.03,351.30
189644,CPU4T,55,102.40,512.00,241.31,250.11,509.86,415.02
189752,CPU4T,55,102.96,512.00,253.37,261.89,522.17,454.00
189857,CPU4T,56,103.37,512.00,265.74,274.12,514.85,246.69
189964,CPU4T,56,114.01,512.00,278.34,287.10,558.04,290.74
190068,CPU4T,56,114.31,512.00,278.37,287.10,558.25,411.23
190176,CPU4T,56,114.93,512.00,290.42,298.88,570.20,455.54
190284,CPU4T,57,115.27,512.00,289.50,297.81,548.59,250.99
190386,CPU4T,57,106.89,512.00,260.55,269.32,531.69,322.03
190491,CPU4T,57,106.99,512.00,241.26,250.02,514.44,379.74
190595,CPU4T,57,107.85,512.00,280.33,289.07,545.35,414.98
190699,CPU4T,58,114.19,512.00,278.32,287.08,553.78,240.56
190802,CPU4T,58,118.99,512.00,278.34,287.08,562.80,320.10
190907,CPU4T,58,119.06,512.00,278.36,287.08,562.80,409.83
191012,CPU4T,58,119.62,512.00,317.43,326.12,594.87,407.88
191118,CPU4T,59,120.33,512.00,314.32,322.96,596.99,339.70
191224,CPU4T,59,102.29,512.00,241.31,250.07,509.00,370.97
191327,CPU4T,59,102.36,512.00,241.34,250.07,509.00,414.07
191433,CPU4T,59,102.96,512.00,280.40,289.12,544.92,379.29
191541,CPU4T,60,103.44,512.00,294.50,303.23,560.75,350.52
191646,CPU4T,60,114.30,512.00,278.64,287.35,556.93,313.75
191752,CPU4T,60,114.37,512.00,278.66,287.35,556.93,399.41
191856,CPU4T,60,114.97,512.00,317.73,326.39,588.30,429.90
191963,CPU4T,61,115.31,512.00,289.54,298.01,565.38,299.41
192065,CPU4T,61,108.40,512.00,241.43,250.16,513.20,354.11
192170,CPU4T,61,108.47,512.00,241.45,250.16,513.20,390.40
192273,CPU4T,61,109.05,512.00,280.52,289.20,542.63,425.68
192377,CPU4T,62,109.39,512.00,280.92,289.61,541.05,240.35
192483,CPU4T,62,120.03,512.00,265.17,273.85,548.75,320.35
192588,CPU4T,62,120.34,512.00,265.20,273.85,548.96,390.68
192694,CPU4T,62,120.93,512.00,304.26,312.89,580.72,426.14
192801,CPU4T,63,121.28,512.00,276.23,284.63,556.85,326.11
192910,CPU4T,63,102.29,512.00,241.47,250.18,504.95,320.73
193014,CPU4T,63,102.36,512.00,241.49,250.18,504.95,403.97
193118,CPU4T,63,103.19,512.00,253.67,261.95,516.85,452.57
193226,CPU4T,64,103.52,512.00,243.70,252.37,508.20,258.82
193333,CPU4T,64,114.21,512.00,265.20,273.86,543.37,319.60
193438,CPU4T,64,114.28,512.00,265.22,273.86,543.37,380.86
193543,CPU4T,64,114.87,512.00,277.47,285.63,549.36,428.56
193650,CPU4T,65,115.37,512.00,255.81,264.41,531.86,315.93
193758,CPU4T,65,106.90,512.00,271.31,279.93,542.92,307.92
193861,CPU4T,65,107.00,512.00,241.55,250.21,513.72,404.46
193965,CPU4T,65,107.61,512.00,253.80,261.99,524.04,434.83
194071,CPU4T,66,108.03,512.00,265.77,274.29,514.85,283.27
194174,CPU4T,66,118.90,512.00,278.67,287.30,561.47,328.82
194277,CPU4T,66,118.97,512.00,278.69,287.30,561.47,397.05
194383,CPU4T,66,119.56,512.00,290.69,299.08,574.10,472.82
194488,CPU4T,67,119.87,512.00,289.94,298.09,554.02,276.22
194596,CPU4T,67,102.29,512.00,241.55,250.20,508.66,341.94
194700,CPU4T,67,102.63,512.00,241.57,250.20,508.87,403.89
194804,CPU4T,67,103.21,512.00,280.64,289.24,538.31,413.50
194908,CPU4T,68,103.53,512.00,267.81,276.40,526.20,221.07
195017,CPU4T,68,114.17,512.00,265.38,273.97,544.09,304.50
195121,CPU4T,68,114.48,512.00,265.41,273.97,544.30,402.20
195226,CPU4T,68,115.06,512.00,277.34,285.75,556.05,465.69
195331,CPU4T,69,115.39,512.00,276.54,284.66,538.85,285.57
195436,CPU4T,69,106.90,512.00,251.34,259.91,519.98,326.15
195541,CPU4T,69,107.00,512.00,241.48,250.07,513.57,390.43
195645,CPU4T,69,107.89,512.00,253.73,261.85,524.94,452.00
195751,CPU4T,70,108.27,512.00,252.72,260.87,505.22,253.59
195859,CPU4T,70,118.90,512.00,265.36,273.92,548.07,279.32
195963,CPU4T,70,118.94,512.00,265.39,273.92,548.07,393.80
196067,CPU4T,70,119.53,512.00,277.31,285.70,561.15,478.65
196174,CPU4T,71,120.08,512.00,276.47,284.56,541.72,242.35
196281,CPU4T,71,102.23,512.00,253.47,261.99,516.61,327.16
196387,CPU4T,71,102.36,512.00,241.56,250.13,509.04,378.33
196491,CPU4T,71,102.70,512.00,241.54,250.13,509.29,396.03
196594,CPU4T,71,103.07,512.00,261.08,269.62,524.14,347.85
196701,CPU4T,72,114.18,512.00,265.39,273.92,543.77,298.29
196808,CPU4T,72,114.25,512.00,265.41,273.92,543.77,384.98
196913,CPU4T,72,114.32,512.00,265.42,273.92,543.77,401.39
197021,CPU4T,72,114.87,512.00,284.97,293.41,559.04,349.35
197128,CPU4T,73,121.09,512.00,289.20,297.70,572.87,338.20
197234,CPU4T,73,107.19,512.00,241.62,250.16,513.96,377.91
197337,CPU4T,73,107.26,512.00,241.63,250.16,513.96,386.11
197442,CPU4T,73,107.88,512.00,280.69,289.20,552.47,381.29
197549,CPU4T,74,108.19,512.00,264.06,272.53,535.15,356.53
197656,CPU4T,74,118.83,512.00,265.22,273.71,548.08,318.34
197761,CPU4T,74,119.14,512.00,265.25,273.71,548.29,407.49
197867,CPU4T,74,119.72,512.00,288.58,297.11,568.26,284.27
197969,CPU4T,75,102.29,512.00,241.48,250.00,507.79,301.22
198073,CPU4T,75,102.36,512.00,241.50,250.00,507.79,384.93
198178,CPU4T,75,102.96,512.00,280.57,289.05,541.79,381.55
198282,CPU4T,76,103.57,512.00,267.55,276.02,529.33,220.95
198390,CPU4T,76,114.20,512.00,265.16,273.63,542.97,316.54
198494,CPU4T,76,114.28,512.00,265.18,273.63,542.97,394.23
198597,CPU4T,76,114.90,512.00,284.73,293.11,559.14,299.47
198703,CPU4T,77,125.92,512.00,302.24,310.68,589.49,304.06
198812,CPU4T,77,107.00,512.00,241.58,250.06,513.09,439.41
198915,CPU4T,77,107.08,512.00,241.59,250.06,513.09,395.92
199020,CPU4T,77,107.69,512.00,261.14,269.55,526.57,297.35
199127,CPU4T,78,118.65,512.00,278.56,287.02,561.00,315.37
199232,CPU4T,78,118.97,512.00,278.58,287.02,561.20,393.71
199335,CPU4T,78,119.04,512.00,278.60,287.02,561.20,386.92
199439,CPU4T,78,119.64,512.00,298.04,306.50,573.93,306.26
199549,CPU4T,79,102.23,512.00,297.84,306.27,554.05,347.66
199653,CPU4T,79,102.36,512.00,241.59,250.04,508.20,403.26
199756,CPU4T,79,102.68,512.00,241.61,250.04,508.20,407.24
199863,CPU4T,79,103.27,512.00,280.67,289.08,547.78,355.22
199969,CPU4T,80,109.61,512.00,278.48,286.91,547.89,357.98
200076,CPU4T,80,114.37,512.00,278.50,286.91,556.40,337.44
200180,CPU4T,80,114.41,512.00,278.52,286.91,556.40,403.44
200286,CPU4T,80,115.27,512.00,317.59,325.95,593.31,385.17
200397,CPU4T,81,115.71,512.00,331.21,339.58,608.99,353.94
200504,CPU4T,81,108.14,512.00,241.53,249.97,514.45,335.35
200609,CPU4T,81,108.21,512.00,241.56,249.97,514.45,388.93
200714,CPU4T,81,108.80,512.00,280.63,289.02,544.40,428.35
200822,CPU4T,82,109.45,512.00,252.68,260.90,517.24,297.47
200929,CPU4T,82,120.08,512.00,265.17,273.80,548.82,280.87
201034,CPU4T,82,120.15,512.00,265.20,273.80,549.03,388.84
201140,CPU4T,82,120.74,512.00,277.06,285.58,561.55,464.32
201245,CPU4T,83,121.14,512.00,289.63,297.81,552.74,274.47
201353,CPU4T,83,102.33,512.00,241.56,250.22,508.33,344.92
201456,CPU4T,83,102.40,512.00,241.58,250.22,508.33,396.35
201560,CPU4T,83,102.99,512.00,253.83,262.00,519.37,452.69
201666,CPU4T,84,103.37,512.00,249.96,258.55,496.10,263.51
201773,CPU4T,84,114.10,512.00,265.28,273.89,542.85,299.92
201876,CPU4T,84,114.40,512.00,265.31,273.89,542.85,406.26
201980,CPU4T,84,114.99,512.00,277.24,285.67,546.33,393.59
202085,CPU4T,85,115.43,512.00,289.75,297.88,555.15,277.74
202194,CPU4T,85,108.25,512.00,241.61,250.24,514.62,312.25
202299,CPU4T,85,108.33,512.00,241.63,250.24,514.62,397.41
202405,CPU4T,85,109.18,512.00,253.63,262.02,526.64,444.68
202508,CPU4T,85,109.35,512.00,257.34,265.83,526.56,281.83
202616,CPU4T,86,120.25,512.00,278.63,287.21,562.22,304.65
202721,CPU4T,86,120.29,512.00,278.66,287.21,562.22,392.12
202843,CPU4T,86,121.12,512.00,290.72,298.99,574.79,459.80
202947,CPU4T,87,121.46,512.00,289.41,297.57,550.92,268.50
203051,CPU4T,87,102.39,512.00,243.22,251.84,510.81,316.20
203156,CPU4T,87,102.46,512.00,243.25,251.84,511.33,383.84
203261,CPU4T,87,102.57,512.00,243.23,251.84,511.84,399.02
203365,CPU4T,87,103.40,512.00,262.81,271.33,523.44,335.52
203472,CPU4T,88,109.61,512.00,279.90,288.47,550.77,372.85
203578,CPU4T,88,114.38,512.00,279.93,288.47,557.73,339.80
203682,CPU4T,88,114.45,512.00,279.95,288.47,557.73,393.75
203787,CPU4T,88,91.77,512.00,260.84,269.39,511.36,393.05
203893,CPU4T,89,102.90,512.00,264.66,273.21,530.92,290.85
203998,CPU4T,89,102.97,512.00,264.68,273.21,530.92,400.92
204104,CPU4T,89,103.05,512.00,264.70,273.21,531.13,377.28
204208,CPU4T,89,103.68,512.00,276.35,284.89,539.77,335.90
204316,CPU4T,90,109.92,512.00,301.17,309.68,570.38,380.61
204422,CPU4T,90,114.92,512.00,301.20,309.68,579.09,339.60
204526,CPU4T,90,114.99,512.00,301.22,309.68,579.09,414.42
204634,CPU4T,90,91.70,512.00,322.74,331.18,571.48,435.09
204745,CPU4T,91,92.15,512.00,252.18,260.32,503.56,341.78
204850,CPU4T,91,102.90,512.00,264.60,273.11,532.18,294.43
204954,CPU4T,91,103.09,512.00,264.62,273.11,532.18,395.91
205058,CPU4T,91,103.68,512.00,303.69,312.15,563.15,431.54
205165,CPU4T,92,104.06,512.00,288.66,296.73,551.28,317.67
205269,CPU4T,92,114.69,512.00,301.03,309.50,579.07,289.49
205372,CPU4T,92,114.99,512.00,301.06,309.50,579.07,395.44
205477,CPU4T,92,115.58,512.00,312.86,321.27,591.14,439.77
205589,CPU4T,93,92.13,512.00,250.06,258.54,486.84,286.88
205694,CPU4T,93,102.76,512.00,264.69,273.18,531.65,293.97
205798,CPU4T,93,102.87,512.00,264.71,273.18,531.65,393.69
205909,CPU4T,93,103.70,512.00,276.77,284.95,544.09,471.41
206014,CPU4T,94,104.07,512.00,288.79,296.83,539.62,255.63
206121,CPU4T,94,114.71,512.00,301.17,309.61,579.03,291.21
206224,CPU4T,94,114.78,512.00,301.19,309.61,579.03,395.20
206329,CPU4T,94,115.37,512.00,313.18,321.38,590.95,459.20
206438,CPU4T,94,92.09,512.00,260.71,269.18,514.48,293.53
206551,CPU4T,95,102.95,512.00,264.57,273.03,530.84,335.75
206658,CPU4T,95,103.03,512.00,264.59,273.03,530.84,383.27
206762,CPU4T,95,103.58,512.00,276.77,284.80,537.23,412.72
206867,CPU4T,95,103.69,512.00,280.16,288.61,543.39,286.36
206974,CPU4T,96,114.87,512.00,301.23,309.64,579.07,318.52
207078,CPU4T,96,114.94,512.00,301.25,309.64,579.07,382.04
207182,CPU4T,96,115.02,512.00,301.26,309.64,579.07,396.84
207287,CPU4T,97,91.95,512.00,256.99,265.45,496.03,323.11
207395,CPU4T,97,102.70,512.00,264.79,273.23,530.79,296.96
207499,CPU4T,97,103.01,512.00,264.82,273.23,530.79,410.77
207603,CPU4T,97,103.09,512.00,264.80,273.23,531.25,374.91
207707,CPU4T,97,103.68,512.00,284.31,292.71,547.36,355.82
207815,CPU4T,98,114.64,512.00,301.31,309.95,579.01,297.93
207919,CPU4T,98,114.90,512.00,301.34,309.95,579.22,392.21
208024,CPU4T,98,115.53,512.00,313.58,321.73,584.68,412.06
208127,CPU4T,98,91.79,512.00,260.85,269.48,510.80,338.25
208235,CPU4T,99,102.76,512.00,264.72,273.37,531.45,288.20
208338,CPU4T,99,102.87,512.00,264.74,273.37,531.45,386.25
208442,CPU4T,99,103.18,512.00,264.76,273.37,531.66,416.48
208545,CPU4T,99,103.76,512.00,284.28,292.86,546.74,329.75
208652,CPU4T,100,114.74,512.00,301.28,309.88,579.54,289.04
208758,CPU4T,100,114.81,512.00,301.31,309.88,579.54,377.60
208861,CPU4T,100,114.85,512.00,301.33,309.88,579.74,406.07
208965,CPU4T,100,92.06,512.00,258.99,267.63,532.94,346.62
209072,CPU4T,101,98.31,512.00,264.75,273.38,524.25,372.73
209178,CPU4T,101,103.07,512.00,264.78,273.38,531.98,332.02
209283,CPU4T,101,103.11,512.00,264.80,273.38,531.98,391.54
209388,CPU4T,101,103.70,512.00,284.32,292.86,546.26,324.09
209495,CPU4T,102,110.19,512.00,301.45,310.04,573.29,315.26
209600,CPU4T,102,114.95,512.00,301.48,310.04,579.21,373.85
209706,CPU4T,102,115.03,512.00,301.50,310.04,579.21,376.93
209823,CPU4T,102,91.80,512.00,255.21,263.88,509.21,307.27
209933,CPU4T,103,92.14,512.00,262.86,271.45,519.39,374.16
210040,CPU4T,103,103.01,512.00,264.89,273.47,531.84,326.55
210143,CPU4T,103,103.09,512.00,264.91,273.47,532.05,395.52
210249,CPU4T,103,103.72,512.00,303.97,312.51,568.60,379.35
210356,CPU4T,104,109.92,512.00,301.38,309.94,570.49,289.07
210461,CPU4T,104,114.65,512.00,301.41,309.94,579.26,332.26
210564,CPU4T,104,114.97,512.00,301.43,309.94,579.47,398.80
210672,CPU4T,104,91.74,512.00,322.94,331.43,572.46,426.73
210779,CPU4T,105,92.18,512.00,252.48,260.86,493.32,279.46
210887,CPU4T,105,102.81,512.00,264.84,273.66,531.96,251.81
210990,CPU4T,105,102.99,512.00,264.87,273.66,532.18,404.44
211094,CPU4T,105,103.71,512.00,276.93,285.43,537.20,396.08
211197,CPU4T,106,104.05,512.00,286.81,295.57,533.27,213.93
211300,CPU4T,106,110.03,512.00,301.39,310.16,571.86,251.49
211406,CPU4T,106,114.79,512.00,301.41,310.16,579.33,341.09
211511,CPU4T,106,115.01,512.00,301.44,310.16,579.33,380.45
211619,CPU4T,106,101.41,512.00,287.74,296.57,552.85,426.46
211720,CPU4T,107,101.78,512.00,265.61,274.00,511.36,275.13
211822,CPU4T,107,112.42,512.00,277.98,286.77,554.25,284.67
211928,CPU4T,107,112.50,512.00,278.00,286.77,554.25,399.18
212050,CPU4T,107,113.35,512.00,290.25,298.55,565.27,417.20
212153,CPU4T,108,113.75,512.00,281.93,290.67,556.01,272.49
212258,CPU4T,108,102.29,512.00,279.65,288.39,542.06,302.91
212362,CPU4T,108,102.42,512.00,241.57,250.34,508.08,405.30
212465,CPU4T,108,103.01,512.00,253.63,262.12,510.64,405.49
212572,CPU4T,108,103.38,512.00,257.12,265.93,520.46,300.98
212678,CPU4T,109,109.59,512.00,278.07,286.84,550.48,330.47
212786,CPU4T,109,114.32,512.00,278.10,286.84,555.38,379.57
212890,CPU4T,109,114.40,512.00,278.11,286.84,555.38,383.23
212995,CPU4T,109,115.02,512.00,317.18,325.88,595.32,363.80
213105,CPU4T,110,115.64,512.00,313.57,322.22,590.97,362.89
213210,CPU4T,110,108.19,512.00,241.56,250.33,514.26,351.80
213315,CPU4T,110,108.29,512.00,241.58,250.33,514.47,380.38
213419,CPU4T,110,108.89,512.00,280.64,289.38,547.06,440.78
213524,CPU4T,111,109.24,512.00,265.56,274.14,535.95,315.20
213630,CPU4T,111,120.10,512.00,278.25,286.98,561.44,291.50
213735,CPU4T,111,120.17,512.00,278.28,286.98,561.44,392.64
213839,CPU4T,111,120.76,512.00,305.50,314.24,576.45,497.38
213949,CPU4T,112,121.10,512.00,302.35,310.66,580.32,237.07
214056,CPU4T,112,102.35,512.00,241.48,250.48,508.05,337.22
214160,CPU4T,112,102.69,512.00,241.51,250.48,508.27,393.45
214265,CPU4T,112,103.27,512.00,268.73,277.73,535.29,458.23
214370,CPU4T,113,103.62,512.00,265.66,274.21,515.04,246.69
214472,CPU4T,113,114.26,512.00,278.02,286.97,555.92,294.74
214576,CPU4T,113,114.34,512.00,278.04,286.97,555.92,383.75
214693,CPU4T,113,115.16,512.00,290.29,298.75,567.14,434.98
214801,CPU4T,114,115.48,512.00,281.97,290.88,557.44,287.18
214909,CPU4T,114,108.16,512.00,260.95,269.91,539.92,325.41
215015,CPU4T,114,108.26,512.00,241.95,250.90,514.70,404.46
215121,CPU4T,114,109.11,512.00,254.08,262.68,519.64,407.95
215227,CPU4T,114,109.18,512.00,261.41,270.39,530.61,329.81
215338,CPU4T,115,115.37,512.00,265.80,274.72,543.53,314.32
215443,CPU4T,115,120.14,512.00,265.82,274.72,548.94,361.56
215554,CPU4T,115,120.22,512.00,265.84,274.72,548.94,380.54
215658,CPU4T,115,121.04,512.00,285.28,294.21,564.44,288.44
215761,CPU4T,116,127.24,512.00,289.45,298.32,575.71,233.10
215864,CPU4T,116,102.39,512.00,242.02,250.96,508.54,310.92
215967,CPU4T,116,102.46,512.00,242.04,250.96,508.54,386.44
216071,CPU4T,116,103.05,512.00,281.11,290.00,536.66,404.54
216174,CPU4T,117,103.67,512.00,253.11,261.58,513.57,290.99
216278,CPU4T,117,114.29,512.00,265.64,274.52,543.80,279.64
216382,CPU4T,117,114.37,512.00,265.67,274.52,544.02,394.32
216486,CPU4T,117,114.99,512.00,292.89,301.77,570.38,460.13
216590,CPU4T,118,115.30,512.00,276.81,285.22,545.21,221.01
216694,CPU4T,118,108.35,512.00,242.04,250.94,514.71,288.04
216798,CPU4T,118,108.42,512.00,242.06,250.94,514.71,374.99
216902,CPU4T,118,109.01,512.00,281.13,289.98,547.41,412.86
217008,CPU4T,119,109.32,512.00,281.24,290.11,545.37,265.41
217116,CPU4T,119,119.95,512.00,265.63,274.48,549.04,294.48
217220,CPU4T,119,120.27,512.00,265.65,274.48,549.04,394.47
217325,CPU4T,119,120.88,512.00,304.72,313.53,578.33,448.61
217431,CPU4T,120,121.26,512.00,276.78,285.18,554.81,283.39
217535,CPU4T,120,102.36,512.00,241.99,250.87,508.38,318.09
217640,CPU4T,120,102.43,512.00,242.02,250.87,508.38,400.99
217744,CPU4T,120,103.25,512.00,281.09,289.91,541.24,413.02
217850,CPU4T,121,103.70,512.00,281.14,289.96,536.07,272.66
217955,CPU4T,121,114.34,512.00,278.76,287.58,556.44,304.11
218059,CPU4T,121,114.41,512.00,278.78,287.58,556.44,385.31
218162,CPU4T,121,114.97,512.00,306.00,314.84,582.91,484.75
218268,CPU4T,122,115.62,512.00,289.97,298.34,562.70,275.01
218372,CPU4T,122,108.20,512.00,242.11,250.96,514.45,314.99
218476,CPU4T,122,108.27,512.00,242.13,250.96,514.45,386.46
218588,CPU4T,122,108.86,512.00,254.38,262.73,522.27,426.68
218695,CPU4T,122,109.31,512.00,257.74,266.54,527.04,291.92
218799,CPU4T,123,120.13,512.00,279.11,287.91,563.08,316.05
218903,CPU4T,123,120.20,512.00,279.14,287.91,563.08,393.71
219007,CPU4T,123,120.80,512.00,279.12,287.91,563.69,396.66
219110,CPU4T,123,120.90,512.00,294.69,303.50,574.86,337.20
219217,CPU4T,124,127.40,512.00,302.82,311.57,590.89,326.57
219322,CPU4T,124,102.52,512.00,242.15,250.96,508.61,364.03
219426,CPU4T,124,102.59,512.00,242.17,250.96,508.61,383.72
219530,CPU4T,124,103.19,512.00,281.24,290.00,542.00,422.79
219638,CPU4T,125,103.62,512.00,281.56,290.33,538.35,316.57
219743,CPU4T,125,114.49,512.00,279.17,287.93,556.74,303.58
219846,CPU4T,125,114.56,512.00,279.19,287.93,556.95,387.60
219951,CPU4T,125,115.15,512.00,318.26,326.97,589.24,402.33
220058,CPU4T,126,115.53,512.00,331.50,340.23,609.05,289.44
220162,CPU4T,126,108.24,512.00,241.94,250.73,514.86,326.71
220266,CPU4T,126,108.57,512.00,241.97,250.73,515.07,392.78
220371,CPU4T,126,109.16,512.00,269.19,277.99,542.40,456.92
220478,CPU4T,127,109.53,512.00,263.58,272.31,536.32,252.12
220582,CPU4T,127,120.17,512.00,278.86,287.60,562.40,288.30
220687,CPU4T,127,120.24,512.00,278.88,287.60,562.61,392.62
220794,CPU4T,127,121.10,512.00,306.10,314.86,582.28,467.09
220900,CPU4T,128,121.54,512.00,303.28,311.57,567.78,274.37
221004,CPU4T,128,102.36,512.00,267.33,276.06,536.60,315.99
221108,CPU4T,128,102.43,512.00,242.19,250.94,508.67,405.11
221213,CPU4T,128,103.02,512.00,254.44,262.71,514.84,481.91
221332,CPU4T,129,103.61,512.00,250.17,258.85,496.57,253.70
221436,CPU4T,129,114.24,512.00,265.15,273.86,542.29,308.26
221542,CPU4T,129,114.31,512.00,265.17,273.86,542.29,386.43
221648,CPU4T,129,114.38,512.00,265.19,273.86,542.29,403.44
221753,CPU4T,129,114.97,512.00,284.71,293.35,557.33,325.53
221860,CPU4T,130,103.45,512.00,284.73,293.42,549.98,371.21
221966,CPU4T,130,108.27,512.00,242.15,250.87,514.45,406.33
222071,CPU4T,130,108.35,512.00,242.17,250.87,514.45,370.76
222175,CPU4T,130,108.94,512.00,261.71,270.36,529.27,307.59
222282,CPU4T,131,109.35,512.00,266.63,275.24,537.57,345.99
222387,CPU4T,131,120.22,512.00,267.75,276.42,551.60,316.54
222492,CPU4T,131,120.29,512.00,267.77,276.42,551.60,400.47
222599,CPU4T,131,120.88,512.00,306.84,315.46,590.84,344.17
222704,CPU4T,132,121.42,512.00,309.22,317.85,600.39,398.36
222815,CPU4T,132,102.62,512.00,244.07,252.77,510.95,325.62
222919,CPU4T,132,102.69,512.00,244.09,252.77,510.95,394.37
223022,CPU4T,132,103.28,512.00,283.16,291.81,543.14,444.74
223130,CPU4T,133,103.71,512.00,299.60,308.27,559.56,298.72
223235,CPU4T,133,114.35,512.00,282.92,291.58,560.51,331.77
223342,CPU4T,133,114.69,512.00,282.95,291.58,560.51,391.38
223447,CPU4T,133,115.31,512.00,322.02,330.63,593.79,428.16
223554,CPU4T,134,115.85,512.00,308.23,316.76,583.64,318.03
223659,CPU4T,134,108.20,512.00,244.09,252.77,516.52,297.02
223763,CPU4T,134,108.27,512.00,244.11,252.77,516.52,402.46
223869,CPU4T,134,109.09,512.00,256.17,264.55,528.86,462.08
223975,CPU4T,134,109.58,512.00,248.05,256.67,520.34,254.51
224080,CPU4T,135,120.28,512.00,269.35,277.98,551.92,315.52
224185,CPU4T,135,120.35,512.00,269.37,277.98,551.92,387.95
224293,CPU4T,135,120.90,512.00,281.36,289.75,564.15,435.17
224408,CPU4T,136,91.77,512.00,285.32,293.89,555.50,261.74
224513,CPU4T,136,102.46,512.00,232.58,241.24,498.30,286.81
224617,CPU4T,136,102.54,512.00,232.61,241.24,498.30,384.35
224723,CPU4T,136,103.13,512.00,271.67,280.28,529.29,431.97
224832,CPU4T,137,103.70,512.00,267.31,275.92,532.04,256.47
224938,CPU4T,137,114.41,512.00,257.84,266.45,534.95,302.65
225043,CPU4T,137,114.48,512.00,257.87,266.45,534.95,392.63
225147,CPU4T,137,115.06,512.00,296.93,305.49,567.74,429.05
225255,CPU4T,138,115.34,512.00,279.69,288.24,556.11,279.66
225362,CPU4T,138,102.59,512.00,228.68,237.29,492.19,326.71
225466,CPU4T,138,102.67,512.00,228.71,237.29,492.19,394.06
225571,CPU4T,138,103.25,512.00,267.77,276.34,527.30,381.47
225678,CPU4T,139,103.57,512.00,252.77,261.32,517.78,344.72
225784,CPU4T,139,102.37,512.00,230.93,239.52,495.06,321.39
225888,CPU4T,139,102.70,512.00,230.95,239.52,495.06,394.84
225993,CPU4T,139,103.29,512.00,270.02,278.56,528.77,409.66
226100,CPU4T,140,103.64,512.00,255.02,263.54,520.06,232.16
226208,CPU4T,140,114.28,512.00,256.18,264.73,533.27,326.39
226312,CPU4T,140,114.35,512.00,256.21,264.73,533.27,393.74
226418,CPU4T,140,115.17,512.00,295.27,303.77,567.79,395.19
226525,CPU4T,141,115.55,512.00,282.51,291.01,551.60,298.35
226631,CPU4T,141,107.00,512.00,230.95,239.52,501.45,301.56
226737,CPU4T,141,107.07,512.00,230.98,239.52,501.45,387.93
226842,CPU4T,141,107.70,512.00,242.84,251.30,513.97,430.74
226948,CPU4T,142,108.28,512.00,248.06,256.26,504.72,311.39
227053,CPU4T,142,118.91,512.00,256.21,264.73,538.13,311.75
227157,CPU4T,142,118.99,512.00,256.23,264.73,538.34,387.05
227261,CPU4T,142,119.60,512.00,283.45,291.98,565.98,452.97
227370,CPU4T,143,119.94,512.00,273.27,281.64,550.69,265.17
227476,CPU4T,143,102.36,512.00,230.98,239.77,497.29,340.06
227580,CPU4T,143,102.43,512.00,231.00,239.77,497.29,392.65
227684,CPU4T,143,103.02,512.00,270.07,278.81,529.57,393.65
227792,CPU4T,144,103.37,512.00,257.31,266.05,517.10,315.04
227898,CPU4T,144,114.00,512.00,256.23,264.98,532.94,293.10
228001,CPU4T,144,114.31,512.00,256.26,264.98,533.15,407.37
228106,CPU4T,144,114.92,512.00,295.32,304.02,566.63,361.87
228212,CPU4T,145,115.30,512.00,280.32,289.00,556.84,301.57
228324,CPU4T,145,107.02,512.00,231.01,239.77,502.09,359.11
228428,CPU4T,145,107.36,512.00,231.04,239.77,502.29,383.94
228532,CPU4T,145,107.97,512.00,270.10,278.81,541.91,297.35
228637,CPU4T,146,118.87,512.00,256.26,264.98,538.04,275.01
228743,CPU4T,146,118.95,512.00,256.28,264.98,538.04,380.47
228846,CPU4T,146,119.03,512.00,256.30,264.98,538.04,396.42
228950,CPU4T,146,119.85,512.00,275.75,284.46,555.31,384.43
229058,CPU4T,147,97.58,512.00,270.32,279.00,530.60,304.63
229166,CPU4T,147,102.43,512.00,231.06,239.77,497.66,392.19
229270,CPU4T,147,102.51,512.00,231.07,239.77,497.66,383.01
229375,CPU4T,147,103.11,512.00,250.60,259.26,513.16,363.15
229483,CPU4T,148,114.24,512.00,256.29,264.98,533.24,286.20
229588,CPU4T,148,114.31,512.00,256.31,264.98,533.24,379.42
229692,CPU4T,148,114.38,512.00,256.33,264.98,533.24,384.83
229796,CPU4T,148,114.97,512.00,275.87,284.46,549.10,328.31
229899,CPU4T,149,125.89,512.00,281.54,290.18,570.12,329.52
230005,CPU4T,149,107.30,512.00,231.09,239.77,502.06,433.48
230109,CPU4T,149,107.92,512.00,231.07,239.77,502.72,404.78
230213,CPU4T,150,108.26,512.00,248.21,256.52,506.71,278.90
230317,CPU4T,150,118.89,512.00,256.32,264.98,538.37,315.54
230422,CPU4T,150,118.93,512.00,256.35,264.98,538.37,393.19
230525,CPU4T,150,119.76,512.00,295.42,304.02,567.59,444.00
230632,CPU4T,151,120.11,512.00,273.47,281.73,550.22,273.00
230737,CPU4T,151,102.36,512.00,231.10,239.77,497.61,323.61
230842,CPU4T,151,102.47,512.00,231.12,239.77,497.61,390.70
230945,CPU4T,151,103.06,512.00,258.34,267.03,524.65,463.12
231048,CPU4T,152,103.64,512.00,248.21,256.50,507.29,244.00
231152,CPU4T,152,114.27,512.00,256.35,264.98,533.72,287.86
231257,CPU4T,152,114.35,512.00,256.37,264.98,533.72,381.83
231361,CPU4T,152,114.94,512.00,268.03,276.66,546.15,431.96
231469,CPU4T,153,115.29,512.00,273.48,281.73,543.13,287.37
231571,CPU4T,153,106.97,512.00,270.39,278.99,543.51,321.78
231676,CPU4T,153,107.07,512.00,231.14,239.77,502.30,400.41
231781,CPU4T,153,107.69,512.00,243.26,251.55,509.05,411.01
231889,CPU4T,154,108.04,512.00,248.24,256.52,505.25,296.14
231994,CPU4T,154,118.67,512.00,256.38,264.98,538.04,294.26
232098,CPU4T,154,118.98,512.00,256.40,264.98,538.24,395.32
232202,CPU4T,154,119.60,512.00,283.62,292.23,552.36,433.82
232308,CPU4T,155,119.92,512.00,273.49,281.71,544.50,225.50
232414,CPU4T,155,102.36,512.00,231.17,239.77,497.21,329.94
232518,CPU4T,155,102.70,512.00,231.20,239.77,497.41,394.06
232624,CPU4T,155,103.29,512.00,270.26,278.81,529.60,407.14
232732,CPU4T,156,103.63,512.00,255.27,263.79,520.31,295.19
232843,CPU4T,156,114.26,512.00,256.42,264.98,533.18,306.98
232947,CPU4T,156,114.34,512.00,256.44,264.98,533.39,412.98
233052,CPU4T,156,115.16,512.00,295.51,304.02,568.11,380.77
233159,CPU4T,157,115.57,512.00,280.50,289.00,557.91,300.10
233264,CPU4T,157,107.00,512.00,231.19,239.77,502.75,312.31
233369,CPU4T,157,107.10,512.00,231.21,239.77,502.75,392.02
233477,CPU4T,157,107.73,512.00,270.27,278.81,541.86,350.61
233585,CPU4T,158,114.18,512.00,256.42,264.98,528.75,315.11
233690,CPU4T,158,118.94,512.00,256.44,264.98,537.78,304.11
233795,CPU4T,158,119.02,512.00,256.46,264.98,537.78,392.13
233901,CPU4T,158,119.64,512.00,295.53,304.02,573.58,376.28
234009,CPU4T,159,120.01,512.00,280.52,289.00,563.23,316.51
234116,CPU4T,159,102.66,512.00,231.22,239.77,497.23,337.25
234219,CPU4T,159,102.73,512.00,231.24,239.77,497.23,386.24
234324,CPU4T,159,103.32,512.00,270.30,278.81,531.27,392.20
234431,CPU4T,160,103.63,512.00,255.30,263.79,520.28,261.06
234535,CPU4T,160,114.26,512.00,256.47,264.98,533.54,325.90
234641,CPU4T,160,114.58,512.00,256.49,264.98,533.75,386.78
234747,CPU4T,160,115.20,512.00,295.56,304.02,573.23,340.59
234855,CPU4T,161,115.58,512.00,280.57,289.00,558.49,315.91
234961,CPU4T,161,107.02,512.00,231.24,239.77,501.91,376.40
235065,CPU4T,161,107.09,512.00,231.26,239.77,501.91,394.54
235170,CPU4T,161,107.98,512.00,270.33,278.81,541.27,351.56
235278,CPU4T,162,114.22,512.00,256.47,264.98,529.62,341.21
235387,CPU4T,162,118.98,512.00,256.50,264.98,538.13,332.32
235490,CPU4T,162,119.02,512.00,256.52,264.98,538.13,376.12
235595,CPU4T,162,119.85,512.00,295.58,304.02,573.18,400.22
235703,CPU4T,163,120.33,512.00,282.91,291.37,564.03,287.41
235811,CPU4T,163,102.41,512.00,231.27,239.77,497.19,335.15
235915,CPU4T,163,102.48,512.00,231.29,239.77,497.19,403.31
236021,CPU4T,163,103.08,512.00,270.35,278.81,534.36,374.96
236131,CPU4T,164,109.74,512.00,256.50,264.98,525.26,310.76
236237,CPU4T,164,114.51,512.00,256.52,264.98,533.51,331.07
236341,CPU4T,164,114.58,512.00,256.55,264.98,533.51,391.31
236446,CPU4T,164,115.17,512.00,295.61,304.02,572.81,324.71
236553,CPU4T,165,121.38,512.00,281.76,290.19,562.61,363.46
236661,CPU4T,165,107.27,512.00,231.30,239.77,502.22,343.60
236766,CPU4T,165,107.34,512.00,231.32,239.77,502.22,389.68
236870,CPU4T,165,107.96,512.00,270.38,278.81,540.91,346.89
236973,CPU4T,166,108.30,512.00,257.70,266.16,527.98,320.20
237078,CPU4T,166,118.94,512.00,256.55,264.98,538.40,305.50
237184,CPU4T,166,119.25,512.00,256.57,264.98,538.61,395.36
237288,CPU4T,166,119.87,512.00,295.64,304.02,574.71,373.89
237394,CPU4T,167,120.29,512.00,291.43,299.66,566.29,312.63
237501,CPU4T,167,102.37,512.00,231.32,239.77,496.93,344.47
237605,CPU4T,167,102.44,512.00,231.34,239.77,496.93,385.42
237710,CPU4T,167,103.27,512.00,270.41,278.81,528.13,436.89
237819,CPU4T,168,103.65,512.00,254.99,263.39,520.28,275.81
237923,CPU4T,168,114.29,512.00,256.58,264.98,533.85,307.19
238028,CPU4T,168,114.36,512.00,256.60,264.98,534.06,411.93
238134,CPU4T,168,115.16,512.00,295.67,304.02,569.40,366.38
238241,CPU4T,169,116.73,512.00,282.98,291.37,560.68,317.26
238349,CPU4T,169,107.04,512.00,231.35,239.77,501.69,373.09
238453,CPU4T,169,107.11,512.00,231.37,239.77,501.69,373.90
238558,CPU4T,169,107.73,512.00,270.42,278.81,541.32,361.32
238666,CPU4T,170,114.22,512.00,256.57,264.98,528.86,315.33
238771,CPU4T,170,118.98,512.00,256.59,264.98,537.36,324.20
238876,CPU4T,170,119.06,512.00,256.61,264.98,537.36,398.17
238981,CPU4T,170,119.65,512.00,295.68,304.02,577.30,352.24
239089,CPU4T,171,125.85,512.00,281.82,290.18,565.98,344.55
239196,CPU4T,171,102.63,512.00,231.37,239.77,497.19,335.89
239300,CPU4T,171,102.70,512.00,231.39,239.77,497.19,383.56
239405,CPU4T,171,103.29,512.00,270.45,278.81,529.64,410.14
239512,CPU4T,172,103.60,512.00,266.09,274.45,531.14,290.25
239617,CPU4T,172,114.24,512.00,256.62,264.98,532.69,303.84
239721,CPU4T,172,114.55,512.00,256.64,264.98,532.90,395.98
239825,CPU4T,172,115.17,512.00,295.71,304.02,564.78,401.87
239932,CPU4T,173,115.55,512.00,282.95,291.26,559.10,262.26
240039,CPU4T,173,107.00,512.00,231.39,239.77,501.52,326.55
240145,CPU4T,173,107.08,512.00,231.41,239.77,501.52,387.12
240249,CPU4T,173,107.93,512.00,270.48,278.81,531.89,433.36
240354,CPU4T,174,108.31,512.00,248.24,256.39,515.40,198.91
240456,CPU4T,174,118.95,512.00,256.64,264.98,538.01,285.10
240562,CPU4T,174,119.02,512.00,256.67,264.98,538.01,388.95
240666,CPU4T,174,119.58,512.00,295.73,304.02,567.86,430.25
240774,CPU4T,175,120.22,512.00,282.98,291.51,568.59,296.76
240887,CPU4T,175,102.41,512.00,231.42,240.02,497.30,345.98
240991,CPU4T,175,102.48,512.00,231.44,240.02,497.30,362.68
241096,CPU4T,175,103.07,512.00,270.51,279.06,531.52,392.23
241205,CPU4T,176,103.45,512.00,266.15,274.70,520.10,322.15
241311,CPU4T,176,114.35,512.00,256.67,265.23,534.00,309.18
241415,CPU4T,176,114.42,512.00,256.70,265.23,534.00,375.33
241519,CPU4T,176,115.03,512.00,295.76,304.27,565.40,442.18
241629,CPU4T,177,115.40,512.00,291.39,300.16,567.22,281.95
241735,CPU4T,177,107.27,512.00,231.45,240.27,502.60,311.10
241841,CPU4T,177,107.34,512.00,231.47,240.27,502.81,379.62
241945,CPU4T,177,107.96,512.00,270.54,279.31,533.07,430.40
242051,CPU4T,178,108.34,512.00,257.77,266.55,523.79,282.89
242157,CPU4T,178,118.97,512.00,256.70,265.48,538.52,284.40
242262,CPU4T,178,119.29,512.00,256.73,265.48,538.73,390.59
242366,CPU4T,178,119.87,512.00,295.79,304.52,569.65,443.27
242472,CPU4T,179,120.25,512.00,283.03,291.76,560.77,282.15
242579,CPU4T,179,102.38,512.00,231.47,240.27,497.32,327.39
242682,CPU4T,179,102.45,512.00,231.49,240.27,497.53,386.14
242787,CPU4T,179,103.30,512.00,258.72,267.53,522.88,439.17
