t_ms,phase,sheet_idx,jvm_heap_used_mb,jvm_heap_max_mb,native_heap_used_mb,native_heap_size_mb,rss_mb,cpu_percent
1,warmup,0,103.83,512.00,97.73,105.09,374.75,0.00
106,warmup,0,109.83,512.00,107.98,115.46,400.79,199.83
208,warmup,0,114.60,512.00,124.51,131.98,424.73,108.35
310,warmup,0,114.68,512.00,157.54,165.00,433.65,98.21
411,warmup,0,114.76,512.00,157.52,165.00,433.61,98.19
513,warmup,0,92.74,512.00,175.78,183.25,420.80,186.31
617,warmup,0,103.37,512.00,200.67,208.29,466.41,260.52
721,warmup,0,103.45,512.00,233.69,241.32,473.43,384.07
826,warmup,0,104.68,512.00,262.39,269.68,495.14,363.31
927,warmup,0,115.31,512.00,287.07,294.72,531.64,108.12
1029,warmup,0,101.46,512.00,221.67,229.36,444.97,68.82
1131,warmup,0,101.56,512.00,221.67,229.36,444.84,19.66
1233,warmup,0,101.63,512.00,221.68,229.36,445.56,9.81
1335,warmup,0,101.67,512.00,221.69,229.36,447.04,0.00
1438,warmup,0,113.47,512.00,258.57,266.23,501.46,243.15
1539,warmup,0,113.81,512.00,258.59,266.23,504.75,98.70
1641,warmup,0,113.88,512.00,258.61,266.23,510.15,107.99
1742,warmup,0,115.03,512.00,278.09,285.71,533.68,108.64
1844,warmup,0,110.55,512.00,221.66,229.36,480.13,313.40
1949,warmup,0,110.62,512.00,221.69,229.36,485.59,402.35
2053,warmup,0,122.66,512.00,258.56,266.23,540.23,240.58
2155,warmup,0,122.73,512.00,258.58,266.23,539.16,78.22
2258,warmup,0,129.87,512.00,295.46,303.12,563.68,125.95
2366,warmup,0,102.47,512.00,221.68,229.36,478.99,111.56
2468,warmup,0,102.54,512.00,221.69,229.36,478.99,108.06
2572,warmup,0,103.37,512.00,260.84,268.55,515.56,124.69
2674,warmup,0,114.62,512.00,258.58,266.24,529.39,176.47
2779,warmup,0,114.70,512.00,258.60,266.24,529.39,390.02
2883,warmup,0,99.19,512.00,235.74,243.45,489.95,356.38
2984,warmup,0,108.64,512.00,234.58,242.27,500.49,78.92
3085,warmup,0,109.50,512.00,273.51,281.23,540.27,98.75
3187,warmup,0,120.74,512.00,271.49,279.15,548.61,147.80
3288,warmup,0,120.82,512.00,271.51,279.15,548.61,98.71
3390,warmup,0,120.86,512.00,271.52,279.15,548.81,98.58
3491,warmup,0,108.21,512.00,258.54,266.24,524.54,167.78
3593,warmup,0,113.27,512.00,258.58,266.24,529.39,402.09
3697,warmup,0,114.45,512.00,274.16,281.81,547.32,376.40
3798,warmup,0,125.14,512.00,295.46,303.12,578.22,118.19
3903,warmup,0,111.32,512.00,251.89,259.55,518.43,85.52
4005,warmup,0,122.60,512.00,258.56,266.24,540.04,147.99
4107,warmup,0,122.93,512.00,258.58,266.24,540.45,107.72
4208,warmup,0,123.01,512.00,258.60,266.24,540.45,98.68
4309,warmup,0,130.12,512.00,295.46,303.12,578.81,157.90
4411,warmup,0,102.41,512.00,221.68,229.36,481.28,362.65
4516,warmup,0,102.99,512.00,260.82,268.55,517.21,428.37
4618,warmup,0,114.48,512.00,258.57,266.24,533.25,127.51
4723,warmup,0,114.55,512.00,258.58,266.24,532.86,76.84
4825,CPU1T,1,108.28,512.00,221.73,229.36,487.32,137.30
4926,CPU1T,1,108.35,512.00,221.75,229.36,488.09,98.49
5029,CPU1T,1,108.68,512.00,221.78,229.36,488.30,106.99
5130,CPU1T,1,109.28,512.00,260.68,268.32,528.57,118.55
5232,CPU1T,2,120.55,512.00,258.68,266.24,539.03,138.04
5333,CPU1T,2,120.63,512.00,258.73,266.24,539.03,118.41
5434,CPU1T,2,120.67,512.00,258.74,266.24,539.03,128.26
5536,CPU1T,3,92.20,512.00,226.62,233.84,470.96,197.44
5637,CPU1T,3,102.86,512.00,234.72,242.27,495.42,137.73
5738,CPU1T,3,102.94,512.00,234.74,242.27,495.43,118.46
5840,CPU1T,3,103.01,512.00,234.75,242.27,495.43,118.31
5942,CPU1T,4,110.15,512.00,271.63,279.15,539.34,167.18
6043,CPU1T,4,115.18,512.00,271.66,279.15,544.71,128.16
6145,CPU1T,4,115.25,512.00,271.68,279.15,544.71,137.05
6256,CPU1T,4,103.02,512.00,283.34,290.84,544.90,126.48
6358,CPU1T,5,113.01,512.00,258.75,266.24,531.50,175.84
6463,CPU1T,5,113.12,512.00,258.77,266.24,531.63,123.94
6565,CPU1T,5,113.47,512.00,258.79,266.24,531.84,127.97
6666,CPU1T,5,114.11,512.00,289.90,297.40,563.72,128.08
6769,CPU1T,6,102.50,512.00,221.88,229.36,482.87,165.06
6872,CPU1T,6,102.57,512.00,221.90,229.36,482.87,136.24
6974,CPU1T,6,102.67,512.00,221.91,229.36,482.87,118.02
7076,CPU1T,7,104.14,512.00,250.47,257.78,512.71,165.50
7179,CPU1T,7,114.81,512.00,258.82,266.24,533.02,126.42
7281,CPU1T,7,114.88,512.00,258.83,266.24,533.23,127.83
7382,CPU1T,7,114.95,512.00,258.85,266.24,533.23,118.14
7485,CPU1T,8,103.61,512.00,295.73,303.12,561.44,176.25
7586,CPU1T,8,108.70,512.00,221.94,229.36,489.07,137.82
7688,CPU1T,8,108.78,512.00,221.96,229.36,489.24,137.90
7793,CPU1T,8,109.39,512.00,233.76,241.13,501.50,123.72
7894,CPU1T,9,120.68,512.00,258.86,266.24,539.55,157.38
7996,CPU1T,9,120.75,512.00,258.88,266.24,539.55,127.58
8100,CPU1T,9,121.05,512.00,258.90,266.24,539.55,135.22
8204,CPU1T,9,101.83,512.00,261.09,268.55,516.46,144.10
8306,CPU1T,10,113.11,512.00,258.86,266.24,530.36,157.21
8407,CPU1T,10,113.21,512.00,258.87,266.24,530.36,128.19
8509,CPU1T,10,113.29,512.00,258.89,266.24,530.36,128.06
8611,CPU1T,11,114.83,512.00,286.22,293.51,547.62,126.72
8715,CPU1T,11,125.47,512.00,295.80,303.12,579.53,154.12
8816,CPU1T,11,125.57,512.00,295.81,303.12,579.53,118.34
8918,CPU1T,11,125.65,512.00,295.83,303.12,579.53,137.90
9020,CPU1T,12,112.13,512.00,250.82,257.82,520.43,147.53
9122,CPU1T,12,123.06,512.00,258.90,266.49,542.29,136.74
9223,CPU1T,12,123.13,512.00,258.92,266.49,542.29,128.23
9327,CPU1T,12,123.20,512.00,258.93,266.49,542.29,124.98
9438,CPU1T,13,124.44,512.00,287.74,294.95,568.84,380.33
9545,CPU1T,13,102.52,512.00,242.30,249.84,499.78,326.93
9658,CPU1T,13,102.92,512.00,222.05,229.61,483.01,238.08
9771,CPU1T,13,102.99,512.00,222.07,229.61,483.21,151.21
9881,CPU1T,14,104.22,512.00,250.86,258.06,507.64,353.08
9993,CPU1T,14,114.82,512.00,258.97,266.49,533.60,277.78
10104,CPU1T,14,115.16,512.00,258.99,266.49,533.81,232.81
10216,CPU1T,14,115.24,512.00,259.00,266.49,533.79,170.81
10325,CPU1T,15,116.48,512.00,287.80,294.94,557.89,376.18
10433,CPU1T,15,107.20,512.00,269.12,276.61,531.64,322.77
10541,CPU1T,15,107.30,512.00,222.09,229.61,488.16,212.32
10651,CPU1T,15,107.61,512.00,222.11,229.61,488.39,173.66
10761,CPU1T,16,108.88,512.00,250.70,258.07,517.60,336.36
10870,CPU1T,16,119.52,512.00,259.01,266.49,538.68,266.81
10978,CPU1T,16,119.62,512.00,259.04,266.49,538.94,220.44
11086,CPU1T,16,119.69,512.00,259.04,266.49,538.94,157.41
11198,CPU1T,17,121.20,512.00,287.88,294.97,562.18,386.54
11308,CPU1T,17,102.61,512.00,223.82,231.33,483.82,336.52
11418,CPU1T,17,102.68,512.00,222.13,229.61,483.82,208.21
11526,CPU1T,17,102.76,512.00,222.14,229.61,483.82,139.37
11634,CPU1T,18,104.09,512.00,237.72,245.18,500.85,349.92
11747,CPU1T,18,114.86,512.00,259.04,266.49,533.99,289.67
11858,CPU1T,18,114.97,512.00,259.06,266.49,533.99,218.02
11968,CPU1T,18,115.05,512.00,259.08,266.49,533.99,154.82
12078,CPU1T,19,116.31,512.00,287.96,294.97,559.62,308.43
12190,CPU1T,19,108.69,512.00,222.19,229.61,490.13,214.00
12306,CPU1T,19,108.76,512.00,222.21,229.61,490.13,112.85
12422,CPU1T,19,108.83,512.00,222.23,229.61,489.74,119.95
12535,CPU1T,20,110.03,512.00,260.19,267.56,538.55,311.06
12651,CPU1T,20,120.67,512.00,259.12,266.49,540.31,128.93
12764,CPU1T,20,121.01,512.00,259.15,266.49,540.31,141.70
12882,CPU1T,20,121.08,512.00,259.16,266.49,540.52,110.09
13005,CPU1T,21,92.11,512.00,233.96,241.34,485.57,293.13
13113,CPU1T,21,102.73,512.00,235.12,242.52,494.86,102.10
13219,CPU1T,21,103.05,512.00,235.15,242.52,495.06,122.87
13326,CPU1T,21,103.64,512.00,247.27,254.30,501.84,112.11
13432,CPU1T,22,114.95,512.00,272.04,279.40,544.96,245.50
13540,CPU1T,22,115.02,512.00,272.06,279.40,544.96,110.32
13654,CPU1T,22,115.09,512.00,272.08,279.40,544.96,105.95
13766,CPU1T,22,101.83,512.00,268.48,275.61,528.30,240.43
13878,CPU1T,23,102.64,512.00,268.63,275.96,530.87,338.91
13989,CPU1T,23,113.28,512.00,259.17,266.49,531.61,135.58
14101,CPU1T,23,113.36,512.00,259.19,266.49,531.82,115.92
14214,CPU1T,23,113.45,512.00,259.21,266.49,531.82,123.48
14327,CPU1T,24,114.90,512.00,288.01,294.94,552.32,372.50
14435,CPU1T,24,102.60,512.00,234.15,241.45,491.16,249.95
14545,CPU1T,24,102.67,512.00,222.30,229.61,482.78,127.60
14656,CPU1T,24,102.75,512.00,222.30,229.61,482.69,107.66
14767,CPU1T,24,103.61,512.00,261.44,268.80,522.28,369.66
14878,CPU1T,25,114.86,512.00,259.21,266.49,532.92,217.00
14991,CPU1T,25,114.93,512.00,259.22,266.49,532.92,114.82
15102,CPU1T,25,115.00,512.00,259.24,266.49,532.92,108.23
15215,CPU1T,25,115.62,512.00,298.37,305.69,571.36,380.75
15331,CPU1T,26,108.42,512.00,242.58,249.84,512.85,248.57
15442,CPU1T,26,108.53,512.00,222.32,229.61,488.59,153.82
15557,CPU1T,26,108.60,512.00,222.34,229.61,488.59,103.78
15665,CPU1T,26,109.23,512.00,253.44,260.77,520.79,176.78
15773,CPU1T,27,120.71,512.00,259.23,266.49,538.85,185.68
15880,CPU1T,27,120.78,512.00,259.24,266.49,538.85,102.35
15985,CPU1T,27,120.85,512.00,259.26,266.49,539.06,105.24
16094,CPU1T,27,121.43,512.00,271.31,278.27,550.67,173.81
16198,CPU1T,28,122.22,512.00,288.00,294.86,549.23,249.67
16300,CPU1T,28,102.97,512.00,235.23,242.52,494.43,147.73
16402,CPU1T,28,103.04,512.00,235.25,242.52,494.43,97.76
16504,CPU1T,28,103.11,512.00,235.26,242.52,494.43,107.36
16610,CPU1T,29,104.29,512.00,254.74,262.00,511.36,179.78
16715,CPU1T,29,114.95,512.00,272.16,279.40,544.40,171.71
16827,CPU1T,29,115.26,512.00,272.18,279.40,544.61,134.18
16939,CPU1T,29,115.33,512.00,272.20,279.40,544.61,115.46
17068,CPU1T,29,101.66,512.00,287.84,294.99,546.44,325.68
17182,CPU1T,30,112.94,512.00,259.26,266.49,531.55,210.91
17294,CPU1T,30,113.02,512.00,259.27,266.49,531.55,115.79
17407,CPU1T,30,113.36,512.00,259.29,266.49,531.76,132.82
17516,CPU1T,30,113.95,512.00,298.43,305.69,569.51,175.29
17620,CPU1T,31,102.64,512.00,222.38,229.61,482.87,219.43
17726,CPU1T,31,102.71,512.00,222.40,229.61,482.87,113.49
17834,CPU1T,31,102.84,512.00,222.42,229.61,483.08,111.73
17946,CPU1T,31,103.64,512.00,253.54,260.77,514.73,265.88
18059,CPU1T,32,114.89,512.00,259.32,266.49,532.62,274.91
18175,CPU1T,32,114.97,512.00,259.34,266.49,532.62,112.48
18288,CPU1T,32,115.04,512.00,259.36,266.49,532.82,115.16
18398,CPU1T,32,115.89,512.00,298.50,305.69,572.51,236.67
18504,CPU1T,33,108.46,512.00,280.68,287.80,546.44,243.77
18616,CPU1T,33,108.59,512.00,222.44,229.61,489.50,170.35
18731,CPU1T,33,108.67,512.00,222.46,229.61,489.50,112.63
18844,CPU1T,33,109.30,512.00,261.60,268.80,528.68,345.20
18963,CPU1T,34,120.77,512.00,259.37,266.74,539.13,219.14
19075,CPU1T,34,120.84,512.00,259.39,266.74,539.13,106.82
19189,CPU1T,34,120.91,512.00,259.41,266.74,539.13,122.53
19301,CPU1T,35,122.11,512.00,286.68,293.96,556.59,303.41
19408,CPU1T,35,102.96,512.00,235.40,242.77,494.51,291.00
19518,CPU1T,35,103.03,512.00,235.38,242.77,494.52,127.33
19635,CPU1T,35,103.10,512.00,235.40,242.77,494.52,111.28
19746,CPU1T,35,103.66,512.00,274.53,281.97,533.33,305.98
19856,CPU1T,36,114.91,512.00,272.30,279.65,544.37,199.64
19971,CPU1T,36,115.22,512.00,272.32,279.65,544.37,130.86
20085,CPU1T,36,115.29,512.00,272.34,279.65,544.58,113.47
20195,CPU1T,36,115.92,512.00,311.23,318.62,584.59,300.78
20303,CPU1T,37,102.69,512.00,235.40,242.77,496.32,287.75
20414,CPU1T,37,102.76,512.00,235.42,242.77,496.32,116.87
20526,CPU1T,37,103.07,512.00,235.44,242.77,496.53,133.56
20652,CPU1T,37,103.67,512.00,247.55,254.54,508.52,183.18
20785,CPU1T,38,114.98,512.00,272.35,279.65,546.84,195.38
20893,CPU1T,38,115.05,512.00,272.37,279.65,547.04,101.65
21004,CPU1T,38,115.36,512.00,272.39,279.65,547.04,125.76
21120,CPU1T,38,101.96,512.00,311.29,318.61,567.71,250.43
21229,CPU1T,39,113.27,512.00,251.07,258.34,523.62,202.66
21338,CPU1T,39,113.35,512.00,251.09,258.34,523.62,110.04
21447,CPU1T,39,113.43,512.00,251.10,258.34,523.62,100.57
21556,CPU1T,39,114.25,512.00,286.23,293.40,557.91,348.47
21666,CPU1T,40,125.56,512.00,287.99,295.22,572.61,218.88
21777,CPU1T,40,125.63,512.00,288.01,295.22,572.61,116.55
21891,CPU1T,40,125.67,512.00,288.03,295.22,572.82,105.51
22017,CPU1T,40,111.72,512.00,323.11,330.29,596.93,294.51
22134,CPU1T,41,118.48,512.00,259.47,266.98,535.95,314.97
22248,CPU1T,41,123.24,512.00,259.49,266.98,541.11,113.85
22360,CPU1T,41,123.31,512.00,259.51,266.98,541.11,107.56
22477,CPU1T,41,123.87,512.00,271.63,278.76,553.15,214.39
22591,CPU1T,42,130.73,512.00,296.40,304.12,583.39,357.80
22703,CPU1T,42,102.63,512.00,234.48,242.19,491.68,215.42
22814,CPU1T,42,102.73,512.00,222.62,230.36,483.30,125.95
22926,CPU1T,42,102.81,512.00,222.60,230.36,484.11,116.08
23036,CPU1T,43,104.08,512.00,258.36,266.05,521.63,398.13
23149,CPU1T,43,114.94,512.00,259.53,267.23,533.34,151.03
23262,CPU1T,43,115.01,512.00,259.55,267.23,533.55,106.35
23374,CPU1T,43,115.08,512.00,259.56,267.23,533.55,124.12
23484,CPU1T,44,116.31,512.00,288.34,295.66,560.61,274.63
23590,CPU1T,44,112.28,512.00,269.67,277.35,536.96,197.91
23697,CPU1T,44,112.39,512.00,222.65,230.36,493.43,148.84
23806,CPU1T,44,112.46,512.00,222.67,230.36,493.43,110.32
23916,CPU1T,44,113.07,512.00,261.69,269.32,532.46,347.32
24026,CPU1T,45,124.32,512.00,259.57,267.23,543.64,198.86
24135,CPU1T,45,124.64,512.00,259.60,267.23,543.85,128.36
24244,CPU1T,45,124.71,512.00,259.61,267.23,543.85,110.07
24356,CPU1T,45,125.33,512.00,298.76,306.43,582.56,332.28
24464,CPU1T,46,102.71,512.00,234.56,242.19,491.52,257.27
24579,CPU1T,46,102.78,512.00,222.69,230.36,483.13,148.94
24691,CPU1T,46,103.09,512.00,222.71,230.36,483.34,133.64
24803,CPU1T,46,103.71,512.00,253.94,261.52,515.24,267.84
24916,CPU1T,47,114.96,512.00,257.38,265.01,531.10,230.13
25026,CPU1T,47,115.03,512.00,257.40,265.01,531.10,118.32
25138,CPU1T,47,115.19,512.00,257.42,265.01,531.31,115.26
25247,CPU1T,47,115.96,512.00,284.63,292.27,559.37,276.73
25358,CPU1T,48,108.53,512.00,253.23,260.82,516.16,306.13
25467,CPU1T,48,108.63,512.00,222.72,230.36,489.15,155.22
25580,CPU1T,48,108.71,512.00,222.74,230.36,489.15,115.64
25692,CPU1T,48,109.53,512.00,234.66,242.13,501.37,222.59
25803,CPU1T,49,116.12,512.00,271.37,279.24,545.04,397.46
25914,CPU1T,49,101.48,512.00,234.17,242.06,492.58,171.20
26025,CPU1T,49,101.55,512.00,234.19,242.06,492.58,107.52
26139,CPU1T,49,102.21,512.00,246.43,253.84,503.65,194.06
26250,CPU1T,50,104.34,512.00,270.61,278.47,531.97,367.84
26359,CPU1T,50,113.80,512.00,269.45,277.29,541.25,110.74
26470,CPU1T,50,113.87,512.00,269.47,277.29,541.25,116.25
26581,CPU1T,50,113.95,512.00,269.49,277.29,541.16,117.13
26691,CPU1T,51,115.42,512.00,292.17,299.55,551.27,438.72
26796,CPU1T,51,110.84,512.00,255.81,263.59,528.20,248.18
26906,CPU1T,51,110.94,512.00,233.99,241.82,503.84,136.52
27020,CPU1T,51,111.02,512.00,234.00,241.82,503.84,122.03
27133,CPU1T,51,111.68,512.00,269.08,276.88,538.93,346.70
27242,CPU1T,52,123.16,512.00,282.66,290.45,567.48,264.69
27353,CPU1T,52,123.23,512.00,282.67,290.45,567.48,108.25
27465,CPU1T,52,123.30,512.00,282.69,290.45,567.69,107.41
27576,CPU1T,52,123.85,512.00,294.34,302.14,580.43,261.18
27694,CPU1T,53,102.67,512.00,280.41,288.17,535.79,305.80
27804,CPU1T,53,103.07,512.00,234.25,242.04,495.76,171.62
27917,CPU1T,53,103.14,512.00,234.27,242.04,495.76,106.96
28030,CPU1T,53,103.69,512.00,246.26,253.82,507.88,203.17
28142,CPU1T,54,110.28,512.00,282.67,290.44,548.57,390.79
28252,CPU1T,54,115.29,512.00,282.70,290.44,557.80,136.46
28364,CPU1T,54,115.36,512.00,282.71,290.44,557.96,107.80
28474,CPU1T,54,115.44,512.00,282.73,290.44,557.88,117.37
28585,CPU1T,55,92.81,512.00,256.93,264.29,496.05,442.33
28693,CPU1T,55,103.47,512.00,269.50,277.24,531.45,194.23
28807,CPU1T,55,103.78,512.00,269.52,277.24,531.66,123.56
28919,CPU1T,55,103.86,512.00,269.54,277.24,531.66,115.64
29029,CPU1T,56,105.05,512.00,287.52,295.10,550.44,379.94
29142,CPU1T,56,115.76,512.00,304.76,312.44,578.79,249.60
29254,CPU1T,56,115.80,512.00,304.78,312.44,579.00,107.06
29367,CPU1T,56,101.52,512.00,255.89,263.57,511.84,220.32
29483,CPU1T,56,102.20,512.00,269.34,276.98,530.37,345.82
29592,CPU1T,57,113.46,512.00,268.85,276.55,543.74,274.86
29704,CPU1T,57,113.54,512.00,268.87,276.55,543.74,107.60
29814,CPU1T,57,113.85,512.00,268.89,276.55,543.95,135.78
29925,CPU1T,57,114.43,512.00,280.69,288.33,556.34,225.06
30037,CPU1T,58,121.06,512.00,317.50,325.16,596.96,357.46
30147,CPU1T,58,102.73,512.00,236.37,244.05,495.79,209.67
30259,CPU1T,58,102.80,512.00,234.34,242.02,495.79,124.50
30370,CPU1T,58,103.11,512.00,234.34,242.02,495.91,135.26
30480,CPU1T,59,104.38,512.00,257.14,264.38,513.82,447.34
30587,CPU1T,59,115.02,512.00,269.63,277.52,545.46,176.27
30701,CPU1T,59,115.09,512.00,269.65,277.52,545.46,105.99
30811,CPU1T,59,115.13,512.00,269.66,277.52,545.46,117.27
30922,CPU1T,59,116.02,512.00,308.80,316.72,581.88,380.05
31033,CPU1T,60,113.27,512.00,234.42,242.29,506.47,287.92
31144,CPU1T,60,113.41,512.00,234.40,242.29,506.48,126.63
31255,CPU1T,60,113.48,512.00,234.42,242.29,506.68,98.58
31368,CPU1T,60,114.32,512.00,261.64,269.55,534.82,257.88
31478,CPU1T,61,120.89,512.00,283.03,290.90,564.83,309.12
31590,CPU1T,61,125.66,512.00,283.05,290.90,569.16,107.13
31702,CPU1T,61,125.73,512.00,283.07,290.90,569.16,107.20
31820,CPU1T,61,126.32,512.00,295.11,302.68,580.64,237.08
31930,CPU1T,62,127.39,512.00,317.20,324.95,580.95,417.55
32038,CPU1T,62,102.89,512.00,254.03,261.93,513.81,193.94
32153,CPU1T,62,102.97,512.00,254.05,261.93,513.81,113.61
32263,CPU1T,62,103.05,512.00,254.06,261.93,513.81,108.30
32375,CPU1T,63,104.25,512.00,274.70,282.51,517.79,366.51
32481,CPU1T,63,115.11,512.00,289.36,297.21,562.33,263.76
32595,CPU1T,63,115.18,512.00,289.38,297.21,562.33,123.29
32708,CPU1T,63,115.22,512.00,289.40,297.21,562.54,106.34
32820,CPU1T,63,115.85,512.00,324.42,332.27,595.02,286.61
32928,CPU1T,64,127.46,512.00,337.98,345.78,615.91,332.43
33038,CPU1T,64,102.83,512.00,234.40,242.24,498.27,200.02
33147,CPU1T,64,102.91,512.00,234.42,242.24,498.27,109.86
33270,CPU1T,64,103.54,512.00,246.47,254.02,510.56,212.07
33379,CPU1T,65,110.09,512.00,269.33,277.14,539.70,365.75
33490,CPU1T,65,101.83,512.00,234.02,241.85,492.54,171.88
33601,CPU1T,65,101.93,512.00,234.03,241.85,492.54,116.86
33727,CPU1T,65,102.55,512.00,245.96,253.63,504.25,197.81
33838,CPU1T,66,103.23,512.00,281.11,288.85,543.06,360.57
33948,CPU1T,66,113.97,512.00,282.25,290.03,555.18,127.06
34060,CPU1T,66,114.18,512.00,282.27,290.03,555.18,107.07
34170,CPU1T,66,114.77,512.00,294.39,301.81,559.81,155.12
34281,CPU1T,67,115.52,512.00,328.88,336.63,606.21,397.00
34390,CPU1T,67,110.92,512.00,249.62,257.41,517.25,219.65
34504,CPU1T,67,111.29,512.00,234.50,242.29,504.16,157.81
34617,CPU1T,67,111.36,512.00,234.52,242.29,504.28,123.90
34729,CPU1T,68,112.59,512.00,257.20,264.73,509.13,403.22
34834,CPU1T,68,123.23,512.00,270.01,277.76,553.81,236.64
34946,CPU1T,68,123.31,512.00,270.03,277.76,553.81,116.42
35057,CPU1T,68,123.61,512.00,270.05,277.76,554.02,126.09
35168,CPU1T,68,124.20,512.00,301.18,308.92,585.62,314.07
35278,CPU1T,69,102.76,512.00,287.16,294.84,548.79,329.91
35386,CPU1T,69,102.89,512.00,234.09,241.85,495.52,147.57
35496,CPU1T,69,102.97,512.00,234.11,241.85,495.72,109.28
35606,CPU1T,69,103.80,512.00,246.11,253.63,507.79,226.08
35716,CPU1T,70,110.38,512.00,282.38,290.11,550.69,384.84
35824,CPU1T,70,115.15,512.00,282.40,290.11,558.43,119.60
35936,CPU1T,70,115.22,512.00,282.42,290.11,558.43,107.59
36047,CPU1T,70,116.04,512.00,294.28,301.88,560.19,143.32
36158,CPU1T,71,92.93,512.00,256.87,264.20,497.75,425.63
36266,CPU1T,71,103.56,512.00,269.25,276.96,531.59,185.31
36379,CPU1T,71,103.64,512.00,269.26,276.96,531.80,115.28
36489,CPU1T,71,103.71,512.00,269.28,276.96,531.80,108.88
36595,CPU1T,71,104.53,512.00,308.43,316.16,569.63,394.58
36705,CPU1T,72,115.81,512.00,317.62,325.29,591.79,245.04
36816,CPU1T,72,115.88,512.00,317.64,325.29,591.79,117.65
36927,CPU1T,72,115.92,512.00,317.65,325.29,591.79,107.84
37083,CPU1T,72,102.14,512.00,276.68,284.39,534.40,250.02
37197,CPU1T,73,108.99,512.00,282.44,290.14,546.94,350.09
37309,CPU1T,73,113.75,512.00,282.46,290.14,555.96,125.95
37420,CPU1T,73,113.82,512.00,282.48,290.14,555.96,107.56
37529,CPU1T,73,113.86,512.00,282.49,290.14,556.17,110.68
37641,CPU1T,74,115.37,512.00,318.26,325.75,584.66,470.91
37750,CPU1T,74,102.81,512.00,251.31,259.20,509.30,257.69
37862,CPU1T,74,102.91,512.00,234.15,242.06,496.22,133.22
37973,CPU1T,74,102.99,512.00,234.16,242.06,496.22,117.84
38081,CPU1T,75,104.21,512.00,249.84,257.64,512.95,315.34
38188,CPU1T,75,115.09,512.00,282.51,290.39,558.01,261.58
38300,CPU1T,75,115.16,512.00,282.52,290.39,558.01,115.69
38412,CPU1T,75,115.23,512.00,282.54,290.39,558.01,107.53
38524,CPU1T,75,115.82,512.00,317.61,325.45,591.48,303.17
38631,CPU1T,76,108.69,512.00,282.07,289.93,545.49,297.21
38739,CPU1T,76,109.05,512.00,234.27,242.17,501.79,157.36
38850,CPU1T,76,109.12,512.00,234.29,242.17,501.79,117.06
38961,CPU1T,76,109.71,512.00,246.20,253.95,513.60,216.92
39073,CPU1T,77,116.27,512.00,282.45,290.32,556.36,376.71
39183,CPU1T,77,121.27,512.00,282.48,290.32,564.05,135.87
39294,CPU1T,77,121.34,512.00,282.50,290.32,564.05,108.50
39404,CPU1T,77,121.94,512.00,294.30,302.10,565.30,117.42
39514,CPU1T,78,102.51,512.00,249.78,257.65,509.18,391.33
39632,CPU1T,78,113.19,512.00,282.39,290.27,553.68,228.74
39742,CPU1T,78,113.50,512.00,282.42,290.27,553.88,127.45
39855,CPU1T,78,113.58,512.00,282.43,290.27,553.88,106.02
39966,CPU1T,78,114.17,512.00,321.34,329.23,593.55,335.38
40076,CPU1T,79,125.48,512.00,330.59,338.43,614.91,262.71
40188,CPU1T,79,125.52,512.00,330.61,338.43,614.91,115.52
40302,CPU1T,79,111.29,512.00,249.36,257.20,517.69,220.39
40413,CPU1T,79,111.97,512.00,269.34,277.14,537.86,324.94
40521,CPU1T,80,123.21,512.00,282.44,290.27,566.30,296.22
40628,CPU1T,80,123.25,512.00,282.45,290.27,566.50,111.91
40739,CPU1T,80,123.57,512.00,282.47,290.27,566.50,134.74
40847,CPU1T,80,124.16,512.00,294.65,302.05,573.61,157.12
40958,CPU1T,81,124.91,512.00,318.25,325.64,598.92,405.44
41068,CPU1T,81,102.87,512.00,236.29,244.10,496.51,246.25
41185,CPU1T,81,102.97,512.00,234.26,242.08,495.34,137.21
41295,CPU1T,81,103.28,512.00,234.28,242.08,495.29,117.40
41407,CPU1T,81,103.91,512.00,273.41,281.28,533.93,368.54
41515,CPU1T,82,115.16,512.00,282.39,290.18,553.58,268.05
41625,CPU1T,82,115.23,512.00,282.40,290.18,553.58,109.20
41735,CPU1T,82,115.27,512.00,282.42,290.18,553.79,117.43
41850,CPU1T,82,116.09,512.00,294.28,301.95,565.51,253.83
41970,CPU1T,83,103.96,512.00,315.09,322.84,585.46,333.21
42077,CPU1T,83,108.79,512.00,234.36,242.17,502.59,167.13
42189,CPU1T,83,108.87,512.00,234.38,242.17,502.59,116.63
42300,CPU1T,83,109.18,512.00,234.40,242.17,502.54,126.38
42410,CPU1T,84,110.41,512.00,270.13,277.48,535.95,415.40
42517,CPU1T,84,101.58,512.00,265.00,272.73,527.37,234.99
42627,CPU1T,84,101.72,512.00,234.25,242.01,492.89,145.56
42738,CPU1T,84,101.80,512.00,234.26,242.01,492.89,116.37
42849,CPU1T,84,102.69,512.00,273.16,280.98,532.77,371.93
42958,CPU1T,85,113.93,512.00,282.42,290.14,555.05,264.49
43071,CPU1T,85,114.01,512.00,282.44,290.14,555.26,124.33
43185,CPU1T,85,114.08,512.00,282.45,290.14,555.26,105.42
43296,CPU1T,85,114.63,512.00,309.67,317.40,570.07,287.85
43426,CPU1T,86,111.01,512.00,330.60,338.27,599.29,300.72
43535,CPU1T,86,111.11,512.00,234.34,242.06,504.08,192.35
43646,CPU1T,86,111.22,512.00,234.35,242.06,504.08,116.73
43757,CPU1T,86,111.84,512.00,246.34,253.84,516.21,206.87
43866,CPU1T,87,112.79,512.00,281.39,289.02,554.57,385.95
43978,CPU1T,87,123.42,512.00,282.54,290.21,566.29,116.69
44090,CPU1T,87,123.49,512.00,282.56,290.21,566.29,115.49
44201,CPU1T,87,123.53,512.00,282.57,290.21,566.24,116.88
44312,CPU1T,88,124.80,512.00,318.39,325.61,598.76,444.65
44416,CPU1T,88,103.16,512.00,236.43,244.09,496.06,240.32
44525,CPU1T,88,103.23,512.00,234.40,242.08,496.06,127.69
44639,CPU1T,88,103.30,512.00,234.42,242.08,496.06,114.22
44748,CPU1T,89,104.45,512.00,265.58,273.24,525.45,302.66
44855,CPU1T,89,115.14,512.00,282.60,290.51,557.86,242.11
44968,CPU1T,89,115.45,512.00,282.62,290.51,557.86,133.81
45081,CPU1T,89,115.52,512.00,282.64,290.51,558.06,114.20
45198,CPU1T,89,92.35,512.00,275.59,283.57,519.87,316.14
45314,CPU1T,90,103.59,512.00,269.60,277.52,532.08,267.58
45426,CPU1T,90,103.91,512.00,269.62,277.52,532.30,143.62
45540,CPU1T,90,103.98,512.00,269.64,277.52,532.30,114.00
45651,CPU1T,90,104.58,512.00,296.87,304.78,556.94,252.37
45759,CPU1T,91,111.20,512.00,317.72,325.58,587.45,360.83
45869,CPU1T,91,115.93,512.00,317.74,325.58,594.15,109.14
45982,CPU1T,91,101.69,512.00,269.05,276.90,525.83,185.14
46107,CPU1T,91,102.35,512.00,246.47,254.02,506.37,232.97
46218,CPU1T,92,103.09,512.00,281.39,289.21,544.76,405.58
46327,CPU1T,92,113.69,512.00,282.53,290.39,556.47,109.49
46439,CPU1T,92,113.77,512.00,282.55,290.39,556.47,116.13
46552,CPU1T,92,114.11,512.00,282.55,290.39,556.39,124.52
46662,CPU1T,93,115.38,512.00,318.40,325.83,581.82,432.84
46775,CPU1T,93,102.91,512.00,234.60,242.48,496.21,267.42
46885,CPU1T,93,102.98,512.00,234.62,242.48,496.21,117.31
46999,CPU1T,93,103.30,512.00,234.64,242.48,496.42,131.66
47122,CPU1T,93,103.92,512.00,269.70,277.55,531.74,343.74
47230,CPU1T,94,115.17,512.00,282.87,290.70,557.96,277.09
47340,CPU1T,94,115.24,512.00,282.89,290.70,557.96,109.13
47451,CPU1T,94,115.28,512.00,282.90,290.70,557.97,108.00
47559,CPU1T,94,116.11,512.00,295.09,302.48,566.43,211.85
47672,CPU1T,95,92.98,512.00,284.90,292.98,536.77,401.62
47782,CPU1T,95,103.61,512.00,269.51,277.58,532.21,154.30
47893,CPU1T,95,103.69,512.00,269.52,277.58,532.42,117.02
48004,CPU1T,95,103.77,512.00,269.54,277.58,532.42,117.24
48115,CPU1T,96,105.25,512.00,289.02,297.06,549.68,412.20
48229,CPU1T,96,115.93,512.00,318.21,326.24,594.77,228.31
48343,CPU1T,96,116.00,512.00,318.23,326.24,594.77,104.95
48455,CPU1T,96,116.04,512.00,318.24,326.24,594.98,116.45
48574,CPU1T,96,102.50,512.00,270.09,278.14,530.35,344.00
48681,CPU1T,97,113.81,512.00,283.66,291.71,558.42,290.15
48793,CPU1T,97,113.88,512.00,283.67,291.71,558.42,107.06
48905,CPU1T,97,113.92,512.00,283.69,291.71,558.42,107.49
49018,CPU1T,97,114.51,512.00,295.62,303.49,570.57,194.37
49130,CPU1T,98,98.15,512.00,314.60,322.61,582.13,357.48
49237,CPU1T,98,103.00,512.00,235.01,243.06,496.75,168.15
49347,CPU1T,98,103.08,512.00,235.03,243.06,496.75,99.78
49459,CPU1T,98,103.67,512.00,246.88,254.84,497.84,125.01
49568,CPU1T,99,104.39,512.00,257.64,265.52,521.31,467.56
49677,CPU1T,99,115.25,512.00,270.48,278.48,546.67,175.59
49789,CPU1T,99,115.32,512.00,270.50,278.48,546.88,115.64
49901,CPU1T,99,115.39,512.00,270.51,278.48,546.88,115.94
50012,CPU1T,99,115.98,512.00,309.64,317.68,585.96,413.37
50121,CPU1T,100,109.01,512.00,252.45,260.41,516.34,285.24
50227,CPU1T,100,109.12,512.00,235.03,243.02,502.99,132.25
50339,CPU1T,100,109.19,512.00,235.04,243.02,502.99,106.85
50448,CPU1T,100,109.77,512.00,262.26,270.28,530.25,247.57
50559,CPU1T,101,116.33,512.00,283.72,291.70,559.23,324.01
50668,CPU1T,101,121.34,512.00,283.74,291.70,565.38,128.36
50780,CPU1T,101,121.41,512.00,283.76,291.70,565.38,107.95
50889,CPU1T,101,122.00,512.00,295.87,303.47,568.43,146.04
51001,CPU1T,102,122.82,512.00,306.51,314.02,579.65,457.42
51109,CPU1T,102,103.06,512.00,254.74,262.75,514.74,211.36
51222,CPU1T,102,103.41,512.00,254.76,262.75,514.95,142.78
51335,CPU1T,102,103.48,512.00,254.78,262.75,514.95,105.88
51444,CPU1T,102,104.08,512.00,285.90,293.91,544.48,302.04
51555,CPU1T,103,110.66,512.00,303.42,311.39,574.09,305.40
51666,CPU1T,103,115.62,512.00,303.45,311.39,577.14,126.96
51777,CPU1T,103,115.73,512.00,303.47,311.39,577.14,108.08
51900,CPU1T,103,102.22,512.00,315.71,323.17,574.88,210.55
52007,CPU1T,104,102.96,512.00,272.75,280.68,538.72,365.94
52116,CPU1T,104,113.60,512.00,270.36,278.29,544.57,165.06
52227,CPU1T,104,113.91,512.00,270.39,278.29,544.79,125.48
52338,CPU1T,104,113.98,512.00,270.40,278.29,544.79,108.72
52447,CPU1T,104,114.61,512.00,305.42,313.35,580.30,383.21
52558,CPU1T,105,98.17,512.00,301.27,309.16,559.36,315.66
52668,CPU1T,105,103.03,512.00,235.09,243.02,496.81,182.29
52778,CPU1T,105,103.34,512.00,235.11,243.02,497.02,136.17
52889,CPU1T,105,103.97,512.00,235.09,243.02,497.92,99.25
52996,CPU1T,106,104.66,512.00,286.27,294.39,550.25,438.93
53103,CPU1T,106,115.29,512.00,283.85,291.98,559.75,169.07
53213,CPU1T,106,115.33,512.00,283.87,291.98,559.75,109.09
53324,CPU1T,106,115.64,512.00,283.89,291.98,559.96,134.09
53435,CPU1T,106,116.30,512.00,323.02,331.18,598.75,370.19
53544,CPU1T,107,108.78,512.00,265.85,273.96,529.36,284.65
53651,CPU1T,107,108.91,512.00,235.15,243.29,502.95,149.51
53762,CPU1T,107,109.23,512.00,235.17,243.29,502.95,126.61
53872,CPU1T,107,109.85,512.00,262.39,270.55,521.07,226.12
53982,CPU1T,108,116.41,512.00,283.97,292.09,557.43,373.80
54091,CPU1T,108,121.17,512.00,283.99,292.09,565.16,109.56
54201,CPU1T,108,121.21,512.00,284.01,292.09,565.16,109.06
54317,CPU1T,108,122.04,512.00,296.19,303.87,574.32,215.67
54427,CPU1T,109,93.04,512.00,258.18,265.89,502.74,390.88
54536,CPU1T,109,103.67,512.00,270.83,278.96,533.38,194.07
54647,CPU1T,109,103.75,512.00,270.85,278.96,533.38,117.16
54760,CPU1T,109,103.83,512.00,270.87,278.96,533.38,114.32
54871,CPU1T,109,104.65,512.00,305.97,314.02,568.26,352.06
54980,CPU1T,110,115.95,512.00,306.25,314.30,582.55,257.96
55091,CPU1T,110,116.02,512.00,306.26,314.30,582.75,107.62
55203,CPU1T,110,116.06,512.00,306.28,314.30,582.75,124.69
55312,CPU1T,110,102.32,512.00,302.62,310.51,565.27,240.03
55419,CPU1T,111,103.28,512.00,258.20,265.87,509.68,327.19
55523,CPU1T,111,113.91,512.00,270.84,278.91,545.42,210.93
55634,CPU1T,111,113.98,512.00,270.86,278.91,545.42,108.19
55748,CPU1T,111,114.02,512.00,270.88,278.91,545.42,113.72
55855,CPU1T,111,114.84,512.00,310.01,318.11,583.49,327.99
55961,CPU1T,112,102.92,512.00,239.54,247.56,496.66,300.67
56068,CPU1T,112,103.06,512.00,235.43,243.50,496.66,122.28
56180,CPU1T,112,103.17,512.00,235.45,243.50,496.67,107.08
56290,CPU1T,112,103.79,512.00,247.30,255.27,509.54,262.60
56404,CPU1T,113,110.58,512.00,270.90,278.95,539.56,358.82
56511,CPU1T,113,115.34,512.00,270.92,278.95,546.00,121.88
56623,CPU1T,113,115.41,512.00,270.94,278.95,546.21,107.62
56750,CPU1T,113,115.96,512.00,283.18,290.72,556.12,188.17
56860,CPU1T,114,116.72,512.00,322.29,330.26,597.68,401.37
56969,CPU1T,114,108.84,512.00,235.48,243.53,502.78,201.07
57081,CPU1T,114,108.91,512.00,235.50,243.53,502.78,107.13
57190,CPU1T,114,108.99,512.00,235.51,243.53,502.53,110.06
57300,CPU1T,115,110.23,512.00,257.94,265.89,507.79,381.29
57407,CPU1T,115,121.09,512.00,270.90,278.90,552.17,253.34
57517,CPU1T,115,121.16,512.00,270.92,278.90,552.17,118.25
57630,CPU1T,115,121.23,512.00,270.94,278.90,552.38,114.58
57741,CPU1T,115,121.82,512.00,306.01,313.96,587.95,325.53
57852,CPU1T,116,98.39,512.00,255.33,263.38,509.71,316.00
57963,CPU1T,116,103.41,512.00,255.36,263.38,514.55,125.96
58074,CPU1T,116,103.48,512.00,255.37,263.38,514.55,126.24
58203,CPU1T,116,104.04,512.00,267.25,275.16,526.69,201.89
58315,CPU1T,117,104.80,512.00,305.33,313.31,567.19,391.70
58425,CPU1T,117,115.44,512.00,304.17,312.13,577.62,108.92
58536,CPU1T,117,115.77,512.00,304.19,312.13,577.82,135.43
58646,CPU1T,117,115.88,512.00,304.21,312.13,577.57,108.96
58757,CPU1T,118,102.95,512.00,258.35,265.87,503.05,423.40
58874,CPU1T,118,113.61,512.00,270.98,278.91,545.17,178.86
58986,CPU1T,118,113.93,512.00,271.00,278.91,545.38,143.53
59097,CPU1T,118,114.00,512.00,271.01,278.91,545.38,108.12
59208,CPU1T,118,114.60,512.00,306.16,313.97,580.46,415.45
59320,CPU1T,119,102.95,512.00,273.02,280.89,530.30,275.61
59431,CPU1T,119,103.08,512.00,235.48,243.41,496.89,144.46
59541,CPU1T,119,103.40,512.00,235.50,243.41,497.09,117.94
59651,CPU1T,119,104.02,512.00,247.36,255.19,509.13,226.85
59760,CPU1T,120,110.58,512.00,270.86,278.76,541.08,348.75
59871,CPU1T,120,115.34,512.00,270.89,278.76,546.49,108.28
59982,CPU1T,120,115.38,512.00,270.90,278.76,546.49,108.45
60106,CPU1T,120,116.21,512.00,282.84,290.54,558.75,208.75
60214,CPU1T,121,122.84,512.00,319.57,327.41,596.93,371.70
60324,CPU1T,121,108.94,512.00,235.43,243.33,502.88,171.75
60435,CPU1T,121,109.02,512.00,235.45,243.33,502.88,108.21
60546,CPU1T,121,109.32,512.00,235.46,243.33,502.73,126.99
60657,CPU1T,122,110.55,512.00,258.33,265.79,512.95,423.28
60765,CPU1T,122,121.18,512.00,271.00,278.85,552.08,230.64
60878,CPU1T,122,121.22,512.00,271.01,278.85,552.29,106.01
60989,CPU1T,122,121.30,512.00,271.03,278.85,552.29,108.38
61108,CPU1T,122,102.06,512.00,310.15,318.05,573.89,311.25
61217,CPU1T,123,113.40,512.00,271.18,279.06,542.60,266.07
61329,CPU1T,123,113.48,512.00,271.20,279.06,542.60,107.16
61441,CPU1T,123,113.55,512.00,271.22,279.06,542.60,107.33
61550,CPU1T,123,114.16,512.00,298.43,306.32,556.21,265.78
61659,CPU1T,124,121.00,512.00,306.58,314.41,586.41,320.44
61769,CPU1T,124,125.76,512.00,306.60,314.41,592.34,118.05
61881,CPU1T,124,125.83,512.00,306.62,314.41,592.54,107.46
61993,CPU1T,124,111.93,512.00,318.85,326.19,583.89,160.70
62100,CPU1T,124,112.36,512.00,274.73,282.64,545.42,353.35
62204,CPU1T,125,123.61,512.00,284.39,292.23,568.48,280.55
62314,CPU1T,125,123.64,512.00,284.40,292.23,568.48,117.63
62425,CPU1T,125,123.72,512.00,284.42,292.23,568.48,108.46
62534,CPU1T,125,124.32,512.00,296.27,304.00,580.19,228.96
62645,CPU1T,126,131.17,512.00,333.16,340.97,618.62,388.14
62756,CPU1T,126,103.11,512.00,237.61,245.44,496.73,207.20
62868,CPU1T,126,103.15,512.00,235.57,243.41,496.73,125.16
62979,CPU1T,126,103.74,512.00,247.37,255.19,498.30,116.36
63089,CPU1T,127,104.46,512.00,286.73,294.55,550.93,448.65
63199,CPU1T,127,115.33,512.00,284.33,292.14,559.75,189.72
63311,CPU1T,127,115.40,512.00,284.35,292.14,559.96,107.19
63422,CPU1T,127,115.47,512.00,284.36,292.14,559.96,117.10
63532,CPU1T,128,116.70,512.00,320.49,327.86,579.28,393.29
63646,CPU1T,128,109.21,512.00,235.58,243.41,503.42,261.99
63758,CPU1T,128,109.28,512.00,235.60,243.41,503.42,107.13
63869,CPU1T,128,109.35,512.00,235.61,243.41,503.42,117.46
63981,CPU1T,128,109.94,512.00,274.77,282.61,540.10,356.74
64090,CPU1T,129,121.23,512.00,284.47,292.22,566.13,266.30
64202,CPU1T,129,121.54,512.00,284.49,292.22,566.20,142.91
64314,CPU1T,129,121.61,512.00,284.51,292.22,566.13,116.20
64422,CPU1T,129,122.20,512.00,311.73,319.48,580.59,239.56
64531,CPU1T,130,98.34,512.00,282.08,289.80,535.80,376.36
64638,CPU1T,130,103.16,512.00,237.70,245.48,497.52,130.37
64749,CPU1T,130,103.48,512.00,237.72,245.48,497.73,144.28
64859,CPU1T,130,103.55,512.00,237.71,245.48,497.66,109.01
64970,CPU1T,131,104.79,512.00,261.39,269.09,513.26,441.74
65077,CPU1T,131,115.42,512.00,274.87,282.85,549.24,206.67
65187,CPU1T,131,115.46,512.00,274.89,282.85,549.24,117.59
65304,CPU1T,131,115.80,512.00,274.91,282.85,549.24,137.54
65414,CPU1T,131,92.49,512.00,298.45,306.47,553.80,326.63
65522,CPU1T,132,103.76,512.00,273.79,281.77,537.18,303.99
65632,CPU1T,132,103.84,512.00,273.81,281.77,537.18,109.50
65742,CPU1T,132,104.15,512.00,273.83,281.77,537.39,127.68
65852,CPU1T,132,104.74,512.00,285.95,293.54,548.55,216.98
65961,CPU1T,133,111.37,512.00,324.31,332.25,591.24,385.76
66069,CPU1T,133,116.13,512.00,324.33,332.25,598.98,111.50
66180,CPU1T,133,116.20,512.00,324.35,332.25,598.98,107.59
66303,CPU1T,133,102.39,512.00,317.46,325.27,592.50,245.05
66412,CPU1T,133,102.56,512.00,276.30,284.32,535.87,291.78
66522,CPU1T,134,109.12,512.00,287.90,295.84,555.06,328.08
66633,CPU1T,134,113.89,512.00,287.92,295.84,560.48,108.75
66743,CPU1T,134,113.96,512.00,287.94,295.84,560.48,117.27
66870,CPU1T,134,114.78,512.00,300.18,307.62,569.68,205.53
66979,CPU1T,135,115.52,512.00,336.38,344.25,610.68,385.54
67088,CPU1T,135,111.26,512.00,237.43,245.36,505.41,173.84
67200,CPU1T,135,111.33,512.00,237.45,245.36,505.41,116.33
67317,CPU1T,135,111.64,512.00,237.46,245.36,505.37,128.38
67427,CPU1T,136,112.91,512.00,274.45,282.05,527.23,400.09
67534,CPU1T,136,123.55,512.00,287.96,296.09,570.20,214.98
67644,CPU1T,136,123.62,512.00,287.98,296.09,570.41,118.12
67759,CPU1T,136,123.66,512.00,287.99,296.09,570.41,112.83
67869,CPU1T,136,124.55,512.00,327.12,335.29,606.44,353.78
67975,CPU1T,137,103.07,512.00,285.38,293.48,543.21,303.13
68084,CPU1T,137,103.20,512.00,237.46,245.61,499.49,145.80
68196,CPU1T,137,103.28,512.00,237.48,245.61,499.49,107.41
68300,CPU1T,137,103.87,512.00,249.53,257.38,511.08,172.87
68405,CPU1T,138,115.38,512.00,287.97,296.09,563.41,247.66
68509,CPU1T,138,115.45,512.00,287.99,296.09,563.41,115.53
68615,CPU1T,138,115.52,512.00,288.01,296.09,563.41,103.71
68739,CPU1T,138,116.11,512.00,300.12,307.87,574.77,210.89
68849,CPU1T,139,117.09,512.00,337.39,345.64,612.21,416.23
68959,CPU1T,139,103.18,512.00,239.53,247.93,497.95,208.56
69069,CPU1T,139,103.22,512.00,239.55,247.93,498.16,118.12
69181,CPU1T,139,103.30,512.00,239.56,247.93,498.16,107.82
69290,CPU1T,140,104.53,512.00,276.56,284.64,519.99,419.07
69395,CPU1T,140,115.40,512.00,290.07,298.41,562.20,259.45
69506,CPU1T,140,115.47,512.00,290.09,298.41,562.20,116.34
69617,CPU1T,140,115.54,512.00,290.10,298.41,562.20,108.36
69730,CPU1T,140,116.16,512.00,317.32,325.67,576.95,336.49
69852,CPU1T,141,99.37,512.00,273.93,282.27,530.79,278.35
69961,CPU1T,141,104.17,512.00,273.95,282.27,537.23,119.55
70071,CPU1T,141,104.25,512.00,273.97,282.27,537.23,108.64
70195,CPU1T,141,104.84,512.00,286.15,294.04,547.30,178.34
70303,CPU1T,142,105.59,512.00,310.94,318.93,567.54,331.35
70410,CPU1T,142,116.46,512.00,324.48,332.75,598.25,216.52
70524,CPU1T,142,101.95,512.00,237.56,245.86,497.58,201.70
70634,CPU1T,142,102.05,512.00,237.56,245.86,497.53,117.83
70744,CPU1T,142,102.67,512.00,276.68,285.05,536.36,362.99
70853,CPU1T,143,113.92,512.00,288.04,296.34,561.27,230.49
70966,CPU1T,143,114.23,512.00,288.06,296.34,561.48,132.58
71076,CPU1T,143,114.30,512.00,288.08,296.34,561.48,108.69
71199,CPU1T,143,92.54,512.00,304.42,312.64,550.18,326.55
71310,CPU1T,144,103.84,512.00,273.97,282.27,534.93,304.43
71419,CPU1T,144,104.16,512.00,273.99,282.27,535.13,128.18
71530,CPU1T,144,104.23,512.00,274.01,282.27,535.13,108.08
71649,CPU1T,144,104.83,512.00,286.18,294.04,546.21,201.84
71763,CPU1T,145,105.58,512.00,341.22,349.44,596.48,421.47
71872,CPU1T,145,116.18,512.00,324.54,332.75,598.51,155.93
71984,CPU1T,145,101.94,512.00,290.20,298.41,550.83,169.64
72092,CPU1T,145,102.04,512.00,237.62,245.86,497.99,157.62
72202,CPU1T,146,103.30,512.00,274.62,282.57,526.82,410.43
72317,CPU1T,146,113.90,512.00,288.11,296.34,561.48,164.81
72431,CPU1T,146,113.98,512.00,288.13,296.34,561.48,114.30
72542,CPU1T,146,114.32,512.00,288.13,296.34,561.55,126.26
72655,CPU1T,146,92.62,512.00,274.78,282.99,519.72,407.25
72761,CPU1T,147,99.17,512.00,274.03,282.27,529.11,309.11
72872,CPU1T,147,103.94,512.00,274.05,282.27,535.29,108.39
72982,CPU1T,147,104.25,512.00,274.07,282.27,535.50,127.95
73092,CPU1T,147,104.84,512.00,274.04,282.27,536.04,108.61
73201,CPU1T,148,105.60,512.00,310.78,318.94,572.02,460.47
73309,CPU1T,148,116.23,512.00,324.57,332.75,597.65,184.99
73423,CPU1T,148,116.27,512.00,324.59,332.75,597.86,104.56
73532,CPU1T,148,102.00,512.00,290.24,298.41,554.19,165.50
73638,CPU1T,149,103.30,512.00,274.64,282.55,515.91,388.01
73743,CPU1T,149,113.96,512.00,288.14,296.34,560.85,265.96
73854,CPU1T,149,114.00,512.00,288.15,296.34,560.85,108.17
73966,CPU1T,149,114.08,512.00,288.17,296.34,560.85,116.49
74076,CPU1T,149,114.94,512.00,323.26,331.40,595.39,344.43
74185,CPU1T,150,98.40,512.00,319.90,328.06,575.42,313.29
74295,CPU1T,150,103.25,512.00,237.66,245.86,498.21,163.70
74406,CPU1T,150,103.33,512.00,237.68,245.86,498.42,116.72
74514,CPU1T,150,103.92,512.00,249.79,257.63,500.86,111.03
74618,CPU1T,151,104.91,512.00,274.44,282.52,536.51,422.42
74722,CPU1T,151,115.53,512.00,288.19,296.34,562.41,183.61
74834,CPU1T,151,115.57,512.00,288.20,296.34,562.41,107.17
74944,CPU1T,151,115.65,512.00,288.22,296.34,562.16,109.02
75054,CPU1T,151,92.64,512.00,274.82,282.99,520.09,382.43
75162,CPU1T,152,104.14,512.00,274.11,282.27,535.16,294.35
75272,CPU1T,152,104.21,512.00,274.12,282.27,535.16,108.91
75384,CPU1T,152,104.25,512.00,274.14,282.27,535.16,107.86
75494,CPU1T,152,104.85,512.00,285.94,294.04,547.96,225.88
75603,CPU1T,153,111.71,512.00,324.64,332.75,592.01,294.33
75707,CPU1T,153,116.47,512.00,324.66,332.75,597.88,96.29
75815,CPU1T,153,102.02,512.00,237.71,245.86,497.20,176.20
75935,CPU1T,153,102.61,512.00,249.83,257.63,509.09,182.91
76042,CPU1T,154,103.33,512.00,290.84,298.95,548.66,391.44
76158,CPU1T,154,114.23,512.00,288.23,296.34,561.86,181.93
76268,CPU1T,154,114.30,512.00,288.25,296.34,561.86,108.47
76379,CPU1T,154,114.38,512.00,288.26,296.34,561.80,117.64
76488,CPU1T,155,93.21,512.00,325.24,333.04,566.82,412.43
76597,CPU1T,155,103.90,512.00,274.16,282.27,535.23,239.60
76706,CPU1T,155,104.21,512.00,274.18,282.27,535.43,137.11
76819,CPU1T,155,104.29,512.00,274.19,282.27,535.43,106.30
76930,CPU1T,155,104.89,512.00,301.42,309.52,562.89,288.13
77041,CPU1T,156,111.47,512.00,324.70,332.75,591.31,342.28
77150,CPU1T,156,116.47,512.00,324.72,332.75,598.22,137.73
77260,CPU1T,156,116.54,512.00,324.74,332.75,598.22,100.21
77372,CPU1T,156,117.12,512.00,324.71,332.75,598.77,115.83
77483,CPU1T,157,102.94,512.00,274.71,282.53,516.10,412.81
77589,CPU1T,157,113.57,512.00,288.26,296.34,561.15,245.49
77700,CPU1T,157,113.88,512.00,288.28,296.34,561.15,117.63
77812,CPU1T,157,113.96,512.00,288.30,296.34,561.36,106.63
77923,CPU1T,157,114.55,512.00,323.42,331.40,595.36,296.80
78032,CPU1T,158,121.18,512.00,338.79,346.82,615.85,357.88
78141,CPU1T,158,103.16,512.00,256.06,264.08,512.64,202.86
78246,CPU1T,158,103.52,512.00,237.81,245.86,498.79,141.93
78357,CPU1T,158,103.59,512.00,237.82,245.86,499.30,108.13
78463,CPU1T,159,104.82,512.00,287.19,295.16,551.25,443.60
78571,CPU1T,159,115.46,512.00,288.31,296.34,562.91,129.66
78682,CPU1T,159,115.57,512.00,288.33,296.34,562.91,108.91
78793,CPU1T,159,115.87,512.00,288.34,296.34,562.86,125.45
78899,CPU1T,160,117.14,512.00,325.33,333.04,591.75,424.97
79006,CPU1T,160,112.52,512.00,253.97,262.00,522.22,253.44
79119,CPU1T,160,112.62,512.00,237.82,245.86,508.15,132.04
79232,CPU1T,160,112.94,512.00,237.84,245.86,508.36,124.55
79341,CPU1T,161,114.20,512.00,274.67,282.55,527.02,339.14
79446,CPU1T,161,124.84,512.00,288.32,296.34,572.16,246.28
79558,CPU1T,161,124.91,512.00,288.34,296.34,572.16,107.83
79667,CPU1T,161,124.98,512.00,288.35,296.34,572.16,109.16
79776,CPU1T,161,125.84,512.00,323.61,331.40,606.32,314.47
79890,CPU1T,162,98.45,512.00,320.09,328.06,588.55,315.53
79998,CPU1T,162,103.31,512.00,237.83,245.86,498.51,175.00
80108,CPU1T,162,103.39,512.00,237.85,245.86,498.72,109.30
80217,CPU1T,162,103.98,512.00,237.82,245.86,499.58,118.84
80326,CPU1T,163,104.93,512.00,274.86,282.55,535.49,470.11
80432,CPU1T,163,115.56,512.00,288.37,296.34,562.88,141.10
80543,CPU1T,163,115.63,512.00,288.39,296.34,562.88,117.30
80655,CPU1T,163,115.67,512.00,288.40,296.34,562.88,107.53
80764,CPU1T,164,116.94,512.00,325.41,333.05,579.91,348.89
80867,CPU1T,164,109.05,512.00,270.19,278.15,532.44,328.78
80975,CPU1T,164,109.15,512.00,237.87,245.86,504.29,130.19
81085,CPU1T,164,109.23,512.00,237.89,245.86,504.50,108.52
81199,CPU1T,164,109.89,512.00,265.09,273.11,524.10,245.97
81310,CPU1T,165,116.67,512.00,288.38,296.34,561.66,396.47
81419,CPU1T,165,121.43,512.00,288.40,296.34,569.35,110.00
81530,CPU1T,165,121.51,512.00,288.42,296.34,569.35,98.89
81638,CPU1T,165,121.59,512.00,288.43,296.34,569.09,110.87
81751,CPU1T,166,92.73,512.00,243.05,250.99,498.62,478.16
81858,CPU1T,166,103.62,512.00,258.71,266.69,519.34,225.81
81969,CPU1T,166,103.69,512.00,258.73,266.69,519.34,107.63
82081,CPU1T,166,103.76,512.00,258.75,266.69,519.34,98.62
82191,CPU1T,166,104.32,512.00,293.81,301.75,554.17,345.92
82298,CPU1T,167,115.60,512.00,309.24,317.18,582.50,315.96
82408,CPU1T,167,115.91,512.00,309.26,317.18,582.71,127.15
82520,CPU1T,167,115.98,512.00,309.27,317.18,582.71,107.90
82636,CPU1T,167,116.61,512.00,321.14,328.95,594.67,171.79
82742,CPU1T,168,103.01,512.00,274.89,282.53,533.06,359.48
82850,CPU1T,168,113.64,512.00,288.42,296.34,561.14,194.36
82959,CPU1T,168,113.99,512.00,288.44,296.34,561.36,127.72
83074,CPU1T,168,114.06,512.00,288.46,296.34,561.36,104.36
83184,CPU1T,168,114.68,512.00,327.35,335.30,593.29,345.07
83293,CPU1T,169,125.96,512.00,338.95,347.07,622.05,285.97
83398,CPU1T,169,103.57,512.00,237.95,246.11,498.79,218.59
83509,CPU1T,169,103.64,512.00,237.96,246.11,498.79,107.81
83619,CPU1T,169,104.25,512.00,269.09,277.27,531.15,246.39
83729,CPU1T,170,110.84,512.00,288.46,296.59,560.22,309.91
83839,CPU1T,170,115.61,512.00,288.48,296.59,563.05,108.96
83945,CPU1T,170,115.92,512.00,288.51,296.59,563.26,113.17
84049,CPU1T,170,116.50,512.00,300.30,308.37,575.05,163.06
84154,CPU1T,171,92.74,512.00,258.85,266.94,493.16,342.31
84262,CPU1T,171,103.37,512.00,240.03,248.18,499.09,204.65
84371,CPU1T,171,103.44,512.00,240.05,248.18,499.09,100.90
84481,CPU1T,171,103.76,512.00,240.06,248.18,499.30,126.89
84590,CPU1T,172,104.96,512.00,277.12,284.94,528.66,394.72
84696,CPU1T,172,115.59,512.00,290.56,298.66,562.90,187.97
84810,CPU1T,172,115.66,512.00,290.58,298.66,563.10,114.79
84919,CPU1T,172,115.70,512.00,290.59,298.66,563.06,109.28
85036,CPU1T,173,92.75,512.00,290.61,298.66,553.03,360.49
85142,CPU1T,173,98.72,512.00,258.81,266.94,515.19,302.41
85250,CPU1T,173,103.49,512.00,258.83,266.94,521.64,110.55
85361,CPU1T,173,103.57,512.00,258.85,266.94,521.64,108.82
85469,CPU1T,173,103.87,512.00,258.87,266.94,521.70,148.24
85583,CPU1T,174,105.10,512.00,311.97,320.04,567.76,419.43
85690,CPU1T,174,115.73,512.00,309.36,317.43,582.67,177.26
85804,CPU1T,174,102.08,512.00,238.03,246.11,497.85,184.46
85914,CPU1T,174,102.15,512.00,238.04,246.11,497.59,108.95
86024,CPU1T,175,103.65,512.00,275.12,282.89,519.87,408.42
86138,CPU1T,175,114.29,512.00,288.54,296.59,562.02,202.78
86249,CPU1T,175,114.40,512.00,288.56,296.59,562.23,107.76
86362,CPU1T,175,114.47,512.00,288.58,296.59,562.23,106.67
86470,CPU1T,175,115.05,512.00,327.71,335.79,601.85,303.19
86580,CPU1T,176,111.42,512.00,323.49,331.50,592.63,302.33
86687,CPU1T,176,111.53,512.00,238.05,246.11,507.07,176.21
86797,CPU1T,176,111.60,512.00,238.07,246.11,507.07,109.14
86906,CPU1T,176,112.26,512.00,250.18,257.88,519.45,220.09
87016,CPU1T,177,113.08,512.00,305.25,313.28,578.21,402.44
87124,CPU1T,177,123.81,512.00,288.58,296.59,572.04,157.43
87237,CPU1T,177,123.88,512.00,288.59,296.59,572.04,115.01
87348,CPU1T,177,123.95,512.00,288.61,296.59,571.78,99.09
87458,CPU1T,178,125.18,512.00,325.72,333.40,595.20,399.05
87566,CPU1T,178,103.50,512.00,270.41,278.40,526.88,279.13
87673,CPU1T,178,103.64,512.00,238.08,246.11,498.75,130.28
87786,CPU1T,178,103.71,512.00,238.10,246.11,498.96,114.81
87896,CPU1T,178,104.29,512.00,273.12,281.17,534.85,345.54
88003,CPU1T,179,115.54,512.00,288.58,296.59,563.08,300.44
88113,CPU1T,179,115.86,512.00,288.60,296.59,563.29,135.45
88224,CPU1T,179,115.93,512.00,288.62,296.59,563.29,108.37
88334,CPU1T,179,116.52,512.00,300.86,308.37,574.88,199.70
88446,NNAPI,1,123.16,512.00,325.58,333.47,604.07,393.35
88560,NNAPI,1,109.23,512.00,224.91,232.86,493.27,122.80
88664,NNAPI,1,110.11,512.00,236.80,244.63,496.78,38.66
88765,NNAPI,2,103.29,512.00,224.92,232.86,487.37,147.84
88868,NNAPI,2,103.36,512.00,224.94,232.86,485.44,67.80
88970,NNAPI,3,110.46,512.00,261.82,269.74,529.72,138.09
89071,NNAPI,3,115.50,512.00,261.85,269.74,536.32,69.14
89173,NNAPI,4,116.76,512.00,308.23,316.09,578.37,127.82
89274,NNAPI,4,109.16,512.00,224.96,232.86,493.76,88.73
89376,NNAPI,4,110.34,512.00,244.45,252.33,513.01,78.24
89478,NNAPI,5,121.03,512.00,261.87,269.73,542.41,128.54
89580,NNAPI,5,121.36,512.00,261.88,269.73,544.09,87.97
89682,NNAPI,6,98.67,512.00,237.86,245.77,492.29,157.02
89783,NNAPI,6,103.44,512.00,237.89,245.77,500.52,59.36
89884,NNAPI,7,104.64,512.00,275.87,283.72,534.93,118.06
89986,NNAPI,7,115.27,512.00,274.80,282.65,548.48,69.18
90087,NNAPI,7,92.69,512.00,313.96,321.85,561.96,98.50
90189,NNAPI,8,104.03,512.00,253.52,261.34,516.33,138.13
90290,NNAPI,8,104.11,512.00,253.54,261.34,517.49,69.11
90392,NNAPI,9,115.90,512.00,290.43,298.22,561.54,137.73
90493,NNAPI,9,115.98,512.00,290.46,298.22,566.32,68.98
90595,NNAPI,10,103.56,512.00,253.84,261.29,507.59,127.44
90697,NNAPI,10,114.19,512.00,261.96,269.74,535.96,98.33
90798,NNAPI,10,114.78,512.00,301.11,308.94,570.99,59.05
90899,NNAPI,11,103.35,512.00,225.07,232.86,489.21,118.61
91001,NNAPI,11,103.42,512.00,225.08,232.86,486.12,68.97
91102,NNAPI,12,110.79,512.00,261.98,269.74,527.52,128.33
91204,NNAPI,12,115.59,512.00,262.01,269.74,538.58,79.00
91305,NNAPI,13,116.82,512.00,290.81,298.19,559.03,88.87
91411,NNAPI,13,109.20,512.00,225.11,232.86,492.57,94.53
91515,NNAPI,13,109.79,512.00,256.24,264.02,519.81,76.80
91616,NNAPI,14,121.34,512.00,262.02,269.73,544.88,128.09
91718,NNAPI,14,121.41,512.00,262.04,269.73,544.45,39.43
91821,NNAPI,15,98.71,512.00,238.02,245.77,492.36,135.99
91922,NNAPI,15,103.47,512.00,238.04,245.77,500.85,98.85
92024,NNAPI,15,104.06,512.00,276.95,284.73,538.27,78.58
92125,NNAPI,16,115.57,512.00,274.96,282.65,549.68,118.47
92227,NNAPI,16,116.16,512.00,286.78,294.43,559.71,97.93
92331,NNAPI,17,104.00,512.00,253.67,261.34,519.47,153.56
92436,NNAPI,17,104.07,512.00,253.68,261.34,517.66,66.68
92538,NNAPI,18,115.90,512.00,290.58,298.22,563.96,138.20
92639,NNAPI,18,116.25,512.00,290.60,298.22,566.42,59.22
92741,NNAPI,19,103.08,512.00,254.04,261.59,511.82,117.58
92842,NNAPI,19,113.71,512.00,262.10,269.99,536.09,88.76
92947,NNAPI,19,114.29,512.00,274.04,281.77,546.45,85.86
93049,NNAPI,20,103.39,512.00,225.21,233.11,490.61,157.37
93152,NNAPI,20,103.72,512.00,225.23,233.11,488.51,135.34
93259,NNAPI,21,106.13,512.00,263.30,271.17,527.52,149.40
93367,NNAPI,21,115.55,512.00,262.14,269.99,537.27,65.05
93470,NNAPI,21,116.14,512.00,273.81,281.67,548.38,107.14
93571,NNAPI,22,109.24,512.00,225.25,233.11,492.02,187.10
93672,NNAPI,22,109.60,512.00,225.26,233.11,494.53,88.94
93776,NNAPI,23,116.70,512.00,262.15,269.98,535.01,145.06
93877,NNAPI,23,121.46,512.00,262.17,269.98,544.75,59.13
93985,NNAPI,24,94.40,512.00,291.00,298.44,535.02,83.71
94087,NNAPI,24,103.51,512.00,238.17,246.02,499.71,107.46
94190,NNAPI,24,104.37,512.00,273.22,281.08,530.59,48.64
94292,NNAPI,25,115.64,512.00,275.09,282.90,551.65,136.62
94394,NNAPI,25,115.68,512.00,275.11,282.90,549.73,59.23
94496,NNAPI,26,99.36,512.00,253.80,261.59,511.03,146.45
94598,NNAPI,26,104.12,512.00,253.82,261.59,518.28,68.94
94699,NNAPI,27,105.61,512.00,291.81,299.55,555.77,118.01
94806,NNAPI,27,116.24,512.00,290.74,298.47,566.28,65.36
94913,NNAPI,27,104.29,512.00,302.41,310.16,564.04,93.88
95019,NNAPI,28,114.01,512.00,262.24,269.99,538.05,141.43
95121,NNAPI,28,114.32,512.00,262.26,269.99,537.54,78.20
95223,NNAPI,29,103.43,512.00,225.35,233.11,490.82,157.36
95325,NNAPI,29,103.50,512.00,225.37,233.11,488.51,78.66
95427,NNAPI,30,104.74,512.00,263.35,271.06,524.88,107.95
95528,NNAPI,30,115.37,512.00,262.28,269.99,537.37,79.00
95637,NNAPI,30,116.26,512.00,301.44,309.19,571.97,110.18
95738,NNAPI,31,109.28,512.00,225.39,233.11,495.18,147.67
95840,NNAPI,31,109.35,512.00,225.40,233.11,493.25,49.15
95942,NNAPI,32,121.14,512.00,262.29,269.98,541.02,127.70
96043,NNAPI,32,121.22,512.00,262.31,269.98,544.81,78.83
96147,NNAPI,33,92.86,512.00,300.30,307.94,548.41,135.37
96249,NNAPI,33,103.58,512.00,238.32,246.02,498.98,88.35
96354,NNAPI,33,104.17,512.00,250.13,257.80,509.88,76.05
96455,NNAPI,34,115.45,512.00,275.23,282.90,551.23,127.97
96560,NNAPI,34,115.53,512.00,275.24,282.90,550.59,38.36
96661,NNAPI,35,99.05,512.00,238.32,246.02,496.11,167.42
96763,NNAPI,35,103.81,512.00,238.35,246.02,503.35,78.76
96868,NNAPI,36,105.01,512.00,267.10,274.37,521.29,123.52
96972,NNAPI,36,115.64,512.00,275.26,282.90,548.80,105.96
97073,NNAPI,36,116.25,512.00,314.42,322.10,586.34,69.01
97174,NNAPI,37,104.42,512.00,253.98,261.59,520.04,128.57
97275,NNAPI,37,104.50,512.00,254.00,261.59,519.39,39.58
97377,NNAPI,38,116.29,512.00,290.90,298.47,568.86,137.84
97479,NNAPI,38,116.37,512.00,290.91,298.47,566.89,39.39
97584,NNAPI,39,103.42,512.00,260.67,268.52,523.62,142.77
97685,NNAPI,39,114.32,512.00,262.40,270.23,536.73,69.10
97786,NNAPI,39,114.93,512.00,293.53,301.39,567.36,69.05
97888,NNAPI,40,103.47,512.00,225.52,233.36,487.99,137.96
97990,NNAPI,40,103.54,512.00,225.53,233.36,488.89,48.97
98092,NNAPI,41,115.34,512.00,262.43,270.23,540.75,137.14
98194,NNAPI,41,115.65,512.00,262.44,270.23,538.87,88.28
98296,NNAPI,42,116.91,512.00,298.19,305.93,572.99,127.32
98398,NNAPI,42,109.32,512.00,225.55,233.36,493.57,68.95
98500,NNAPI,42,109.91,512.00,264.70,272.55,532.34,58.63
98602,NNAPI,43,121.19,512.00,262.46,270.24,543.97,108.06
98706,NNAPI,43,122.07,512.00,274.47,282.02,553.31,86.02
98808,NNAPI,44,103.53,512.00,238.47,246.27,503.87,137.98
98910,NNAPI,44,103.60,512.00,238.48,246.27,501.57,78.52
99012,NNAPI,45,110.67,512.00,275.37,283.15,540.11,137.20
99113,NNAPI,45,115.44,512.00,275.39,283.15,549.60,49.44
99214,NNAPI,46,93.57,512.00,245.94,253.31,488.31,118.28
99317,NNAPI,46,104.20,512.00,254.12,261.84,517.36,97.76
99419,NNAPI,46,104.79,512.00,285.25,293.00,544.51,68.07
99521,NNAPI,47,116.07,512.00,288.80,296.50,566.18,118.56
99622,NNAPI,47,116.14,512.00,288.81,296.50,565.74,49.28
99724,NNAPI,48,109.07,512.00,260.28,268.01,527.54,147.04
99826,NNAPI,48,113.83,512.00,260.31,268.01,534.99,69.01
99929,NNAPI,49,115.10,512.00,296.37,303.66,557.84,125.12
100033,NNAPI,49,103.51,512.00,237.10,244.81,498.04,115.36
100137,NNAPI,49,104.09,512.00,249.05,256.59,508.30,67.88
100238,NNAPI,50,115.61,512.00,272.37,280.03,551.09,157.64
100342,NNAPI,50,115.68,512.00,272.38,280.03,547.73,57.85
100446,NNAPI,51,104.61,512.00,258.71,266.59,525.41,154.05
100547,NNAPI,51,109.43,512.00,236.90,244.82,502.19,59.33
100648,NNAPI,52,110.93,512.00,272.97,280.46,521.65,108.63
100755,NNAPI,52,121.57,512.00,285.57,293.45,566.54,103.08
100857,NNAPI,52,122.16,512.00,312.81,320.71,592.66,58.50
100959,NNAPI,53,103.57,512.00,256.88,264.80,523.13,147.77
101060,NNAPI,53,103.64,512.00,256.89,264.80,520.83,68.99
101162,NNAPI,54,105.11,512.00,292.81,300.29,551.48,137.18
101265,NNAPI,54,115.78,512.00,305.31,313.19,579.48,87.71
101366,NNAPI,54,93.98,512.00,340.36,348.25,592.84,69.00
101468,NNAPI,55,104.23,512.00,272.39,280.24,540.11,147.67
101572,NNAPI,55,104.30,512.00,272.40,280.24,539.47,57.88
101673,NNAPI,56,111.67,512.00,307.62,315.44,576.46,157.62
101774,NNAPI,56,116.44,512.00,307.64,315.44,585.53,69.21
101876,NNAPI,56,102.82,512.00,323.19,331.02,597.73,107.75
101978,NNAPI,57,114.13,512.00,271.74,279.55,551.32,138.38
102079,NNAPI,57,114.20,512.00,271.75,279.55,548.02,59.30
102181,NNAPI,58,121.61,512.00,320.37,328.16,594.89,166.82
102282,NNAPI,58,103.62,512.00,237.20,245.02,499.22,79.06
102383,NNAPI,58,104.43,512.00,268.35,276.18,531.55,88.91
102485,NNAPI,59,115.49,512.00,272.49,280.26,552.07,128.02
102586,NNAPI,59,115.57,512.00,272.50,280.26,551.64,69.10
102688,NNAPI,60,104.65,512.00,238.45,246.23,499.92,157.32
102789,NNAPI,60,109.48,512.00,237.26,245.04,507.34,59.13
102891,NNAPI,61,110.71,512.00,273.31,280.67,534.11,98.09
102993,NNAPI,61,121.34,512.00,285.90,293.65,568.28,98.35
103097,NNAPI,61,121.97,512.00,313.13,320.91,595.29,86.68
103200,NNAPI,62,104.45,512.00,272.51,280.26,537.93,154.46
103305,NNAPI,62,104.52,512.00,272.53,280.26,537.29,47.65
103407,NNAPI,63,111.62,512.00,307.82,315.54,576.02,157.61
103509,NNAPI,63,116.39,512.00,307.84,315.54,585.18,68.31
103611,NNAPI,63,102.87,512.00,268.33,276.11,530.02,88.68
103712,NNAPI,64,114.44,512.00,285.81,293.52,562.01,137.38
103815,NNAPI,64,114.52,512.00,285.83,293.52,562.91,68.58
103916,NNAPI,65,98.78,512.00,269.85,277.60,525.02,167.18
104018,NNAPI,65,103.64,512.00,236.95,244.72,501.32,88.84
104119,NNAPI,66,104.84,512.00,252.54,260.30,516.06,78.87
104221,NNAPI,66,115.77,512.00,285.18,292.91,563.33,136.63
104324,NNAPI,66,115.84,512.00,285.19,292.91,564.23,68.53
104426,NNAPI,67,99.53,512.00,256.94,264.68,512.77,185.94
104527,NNAPI,67,104.29,512.00,256.96,264.68,522.19,59.06
104630,NNAPI,68,105.55,512.00,279.83,287.12,526.43,87.65
104731,NNAPI,68,116.45,512.00,292.46,300.14,569.80,98.91
104850,NNAPI,68,104.25,512.00,304.13,311.82,579.35,59.03
104955,NNAPI,69,113.93,512.00,272.42,280.12,550.18,170.89
105058,NNAPI,69,114.01,512.00,272.44,280.12,549.54,38.69
105160,NNAPI,70,98.82,512.00,302.91,310.58,555.16,166.62
105262,NNAPI,70,103.94,512.00,237.10,244.80,499.09,79.12
105365,NNAPI,70,104.53,512.00,264.35,272.06,524.84,106.69
105469,NNAPI,71,115.80,512.00,285.32,292.98,564.11,143.14
105572,NNAPI,71,115.88,512.00,285.33,292.98,563.47,48.54
105677,NNAPI,72,118.59,512.00,334.84,342.49,610.94,162.54
105779,NNAPI,72,109.46,512.00,237.20,244.88,506.66,78.46
105881,NNAPI,72,110.05,512.00,249.14,256.65,512.54,39.38
105982,NNAPI,73,121.32,512.00,285.38,293.02,570.98,157.50
106084,NNAPI,73,121.40,512.00,285.39,293.02,568.64,88.37
106185,NNAPI,73,122.32,512.00,320.42,328.08,602.65,108.75
106287,NNAPI,74,103.67,512.00,256.50,264.16,519.22,177.55
106388,NNAPI,74,103.74,512.00,256.51,264.16,518.58,39.31
106490,NNAPI,75,115.51,512.00,304.85,312.49,580.85,176.63
106593,NNAPI,75,115.59,512.00,304.86,312.49,578.48,58.34
106698,NNAPI,76,117.11,512.00,320.47,328.06,585.16,95.61
106800,NNAPI,76,103.75,512.00,256.75,264.37,520.12,165.34
106910,NNAPI,76,104.34,512.00,268.70,276.15,523.45,54.66
107012,NNAPI,77,115.65,512.00,304.93,312.53,583.89,166.80
107114,NNAPI,77,115.73,512.00,304.94,312.53,581.07,97.72
107222,NNAPI,78,93.73,512.00,239.67,247.18,491.96,102.20
107326,NNAPI,78,104.36,512.00,272.23,279.79,537.52,135.25
107427,NNAPI,78,104.94,512.00,284.12,291.57,548.22,58.98
107528,NNAPI,79,116.22,512.00,320.41,327.94,600.34,148.45
107630,NNAPI,79,116.30,512.00,320.42,327.94,598.05,69.17
107731,NNAPI,80,93.74,512.00,244.31,251.45,489.76,167.25
107835,NNAPI,80,104.37,512.00,256.70,264.22,521.69,105.93
107936,NNAPI,80,104.96,512.00,283.93,291.48,543.16,78.94
108038,NNAPI,81,116.28,512.00,304.87,312.62,582.52,147.98
108139,NNAPI,81,116.35,512.00,304.88,312.62,581.16,59.16
108241,NNAPI,82,103.89,512.00,283.27,291.04,548.18,167.49
108342,NNAPI,82,114.52,512.00,285.30,293.05,562.23,68.97
108445,NNAPI,83,115.75,512.00,318.99,326.67,577.21,77.97
108547,NNAPI,83,103.67,512.00,237.28,245.04,502.38,137.42
108648,NNAPI,83,103.74,512.00,237.29,245.04,500.58,79.10
108749,NNAPI,84,111.14,512.00,285.39,293.13,552.14,158.02
108850,NNAPI,84,115.91,512.00,285.41,293.13,563.70,78.95
108952,NNAPI,84,116.52,512.00,324.33,332.09,600.73,68.63
109054,NNAPI,85,109.52,512.00,237.20,244.94,507.41,147.91
109155,NNAPI,85,109.59,512.00,237.22,244.94,506.24,78.80
109258,NNAPI,86,116.95,512.00,285.37,293.33,560.13,156.34
109359,NNAPI,86,121.71,512.00,285.40,293.33,569.64,69.17
109461,NNAPI,87,123.01,512.00,321.17,328.66,577.63,97.90
109566,NNAPI,87,103.80,512.00,256.71,264.68,518.16,132.94
109670,NNAPI,87,103.87,512.00,256.72,264.68,516.62,48.32
109771,NNAPI,88,115.91,512.00,304.89,312.83,577.41,177.87
109872,NNAPI,88,115.98,512.00,304.91,312.83,581.39,88.74
109975,NNAPI,89,93.77,512.00,257.90,265.75,492.84,117.25
110079,NNAPI,89,104.39,512.00,272.40,280.30,538.52,134.16
110182,NNAPI,89,104.99,512.00,284.28,292.07,543.66,48.58
110284,NNAPI,90,116.54,512.00,320.70,328.57,599.91,166.83
110386,NNAPI,90,116.61,512.00,320.71,328.57,597.72,78.35
110489,NNAPI,91,103.40,512.00,273.14,280.62,524.34,125.73
110591,NNAPI,91,114.03,512.00,285.51,293.39,559.85,108.23
110695,NNAPI,91,114.62,512.00,297.46,305.17,570.26,67.16
110797,NNAPI,92,103.71,512.00,237.32,245.20,504.05,177.06
110899,NNAPI,92,103.78,512.00,237.33,245.20,501.95,87.96
111002,NNAPI,93,105.02,512.00,273.21,280.65,523.67,117.33
111103,NNAPI,93,115.65,512.00,285.67,293.51,562.60,98.67
111206,NNAPI,93,115.99,512.00,285.69,293.51,562.42,97.44
111307,NNAPI,94,123.21,512.00,333.92,341.74,607.14,177.31
111408,NNAPI,94,103.79,512.00,239.44,247.30,501.00,78.97
111510,NNAPI,94,104.37,512.00,278.60,286.50,537.99,78.81
111612,NNAPI,95,115.66,512.00,287.53,295.37,563.68,137.67
111714,NNAPI,95,115.97,512.00,287.55,295.37,562.17,77.88
111816,NNAPI,96,117.24,512.00,334.22,342.00,610.92,147.90
111917,NNAPI,96,103.70,512.00,237.89,245.70,503.23,108.27
112020,NNAPI,96,104.28,512.00,277.04,284.90,538.02,87.54
112127,NNAPI,97,115.57,512.00,286.56,294.34,567.36,139.86
112231,NNAPI,97,115.90,512.00,286.58,294.34,565.64,77.03
112333,NNAPI,98,93.18,512.00,245.07,252.48,491.85,148.10
112435,NNAPI,98,103.84,512.00,257.64,265.44,518.88,88.01
112537,NNAPI,98,104.43,512.00,269.65,277.22,527.58,68.32
112639,NNAPI,99,115.71,512.00,293.11,300.86,571.79,177.69
112741,NNAPI,99,116.02,512.00,293.12,300.86,569.85,68.46
112844,NNAPI,100,93.80,512.00,260.75,268.09,495.34,116.02
112948,NNAPI,100,104.43,512.00,273.30,281.03,539.11,135.15
113052,NNAPI,100,105.03,512.00,285.12,292.81,549.12,48.00
113153,NNAPI,101,116.35,512.00,322.00,329.70,600.38,167.72
113255,NNAPI,101,116.68,512.00,322.01,329.70,598.79,59.18
113357,NNAPI,101,103.62,512.00,240.26,247.97,502.31,98.05
113458,NNAPI,102,114.33,512.00,273.24,280.95,547.73,128.32
113559,NNAPI,102,114.40,512.00,273.26,280.95,548.88,88.93
113662,NNAPI,103,115.68,512.00,319.89,327.56,595.84,145.65
113764,NNAPI,103,104.04,512.00,237.98,245.68,500.46,88.62
113865,NNAPI,103,104.11,512.00,237.99,245.68,502.14,98.55
113967,NNAPI,104,111.21,512.00,273.23,280.91,540.69,166.42
114069,NNAPI,104,115.97,512.00,273.26,280.91,551.23,78.92
114173,NNAPI,105,117.21,512.00,309.32,316.55,566.28,86.64
114276,NNAPI,105,109.86,512.00,237.96,245.65,506.45,165.04
114377,NNAPI,105,109.93,512.00,237.98,245.65,508.52,29.64
114478,NNAPI,106,117.03,512.00,286.69,294.36,563.28,187.16
114580,NNAPI,106,121.80,512.00,286.72,294.36,570.52,69.14
114685,NNAPI,107,93.15,512.00,322.80,330.02,561.92,104.17
114789,NNAPI,107,104.14,512.00,257.80,265.47,521.45,144.72
114891,NNAPI,107,104.21,512.00,257.81,265.47,521.06,78.58
114992,NNAPI,108,111.32,512.00,306.62,314.27,572.04,167.17
115094,NNAPI,108,116.08,512.00,306.64,314.27,583.01,68.98
115196,NNAPI,108,93.16,512.00,271.37,279.03,520.63,97.51
115298,NNAPI,109,104.73,512.00,273.73,281.34,542.02,157.66
115401,NNAPI,109,104.80,512.00,273.74,281.34,540.09,77.35
115504,NNAPI,110,106.04,512.00,310.29,317.86,576.58,175.27
115605,NNAPI,110,116.63,512.00,309.13,316.68,589.87,69.02
115709,NNAPI,110,103.05,512.00,275.29,282.88,534.57,86.61
115814,NNAPI,111,114.62,512.00,273.71,281.29,551.11,142.93
115920,NNAPI,111,114.70,512.00,273.73,281.29,550.46,47.41
116023,NNAPI,112,121.80,512.00,309.18,316.98,587.51,173.72
116125,NNAPI,112,103.78,512.00,238.29,246.12,502.39,78.46
116227,NNAPI,112,104.40,512.00,277.21,285.09,539.97,78.56
116329,NNAPI,113,115.95,512.00,273.78,281.57,552.37,118.38
116434,NNAPI,113,116.03,512.00,273.79,281.57,551.73,75.88
116536,NNAPI,114,123.19,512.00,309.30,317.05,579.66,176.99
116637,NNAPI,114,109.70,512.00,238.37,246.16,507.56,78.89
116739,NNAPI,114,110.55,512.00,277.52,285.36,543.32,88.71
116842,NNAPI,115,121.84,512.00,273.77,281.52,559.76,153.90
116944,NNAPI,115,121.91,512.00,273.78,281.52,557.84,49.22
117047,NNAPI,116,93.28,512.00,260.65,268.44,508.49,184.98
117148,NNAPI,116,103.91,512.00,258.22,266.01,520.74,68.92
117250,NNAPI,116,104.76,512.00,270.29,277.79,532.94,58.84
117352,NNAPI,117,116.05,512.00,307.00,314.75,587.66,157.30
117454,NNAPI,117,116.12,512.00,307.00,314.75,583.23,88.30
117562,NNAPI,117,116.70,512.00,345.93,353.71,600.37,102.27
117667,NNAPI,118,104.51,512.00,273.81,281.79,541.02,161.00
117771,NNAPI,118,104.82,512.00,273.83,281.79,539.29,57.77
117874,NNAPI,119,106.06,512.00,308.07,315.95,575.44,165.54
117975,NNAPI,119,116.70,512.00,309.21,317.14,586.01,68.85
118077,NNAPI,119,104.71,512.00,336.45,344.39,586.51,88.27
118179,NNAPI,120,109.71,512.00,273.67,281.63,542.65,157.72
118280,NNAPI,120,114.74,512.00,273.69,281.63,547.98,78.95
118381,NNAPI,120,115.33,512.00,312.85,320.83,584.31,108.79
118483,NNAPI,121,103.83,512.00,238.25,246.20,505.25,147.18
118584,NNAPI,121,103.90,512.00,238.27,246.20,501.94,49.35
118686,NNAPI,122,105.14,512.00,276.25,284.15,533.01,157.46
118788,NNAPI,122,116.04,512.00,273.82,281.72,549.84,78.74
118890,NNAPI,122,116.11,512.00,273.84,281.72,552.57,58.37
118992,NNAPI,123,105.00,512.00,260.42,268.30,521.01,186.25
119094,NNAPI,123,109.82,512.00,238.58,246.49,509.18,88.68
119198,NNAPI,124,111.05,512.00,261.16,268.81,510.74,114.79
119302,NNAPI,124,121.93,512.00,273.96,281.84,556.98,155.03
119416,NNAPI,124,122.52,512.00,285.84,293.61,566.96,70.12
119517,NNAPI,125,103.92,512.00,258.24,266.16,519.65,187.57
119619,NNAPI,125,104.00,512.00,258.26,266.16,522.00,59.15
119720,NNAPI,125,105.18,512.00,273.85,281.74,536.83,108.07
119822,NNAPI,126,116.14,512.00,307.03,314.91,582.61,127.66
119925,NNAPI,126,116.21,512.00,307.04,314.91,583.51,58.59
120026,NNAPI,127,99.83,512.00,273.80,281.67,530.19,187.58
120127,NNAPI,127,104.59,512.00,273.82,281.67,540.24,49.40
120230,NNAPI,127,105.18,512.00,301.06,308.93,557.13,107.23
120331,NNAPI,128,116.76,512.00,322.60,330.41,602.36,167.43
120434,NNAPI,128,116.83,512.00,322.61,330.41,598.92,58.08
120536,NNAPI,129,103.86,512.00,289.69,297.52,554.48,177.12
120638,NNAPI,129,114.49,512.00,287.27,295.10,562.70,88.51
120741,NNAPI,129,115.07,512.00,326.43,334.30,596.84,77.89
120842,NNAPI,130,103.91,512.00,238.49,246.32,503.36,167.58
120943,NNAPI,130,103.98,512.00,238.50,246.32,501.05,88.76
121046,NNAPI,131,105.21,512.00,262.18,269.69,512.63,127.25
121147,NNAPI,131,115.85,512.00,275.66,283.44,549.47,127.82
121255,NNAPI,131,116.47,512.00,287.61,295.22,559.13,74.33
121357,NNAPI,132,109.76,512.00,240.18,247.98,507.84,196.38
121459,NNAPI,132,109.83,512.00,240.19,247.98,505.75,38.93
121561,NNAPI,133,111.07,512.00,277.17,284.66,528.98,128.10
121662,NNAPI,133,121.70,512.00,290.70,298.46,569.77,108.57
121765,NNAPI,133,122.29,512.00,302.65,310.24,576.38,67.85
121867,NNAPI,134,103.96,512.00,261.01,268.82,516.90,226.94
121968,NNAPI,134,104.03,512.00,261.04,268.82,522.25,68.99
122071,NNAPI,135,105.27,512.00,298.05,305.53,548.41,116.95
122172,NNAPI,135,115.90,512.00,311.55,319.30,584.70,118.49
122274,NNAPI,135,115.98,512.00,311.56,319.30,585.61,78.58
122377,NNAPI,136,93.42,512.00,258.98,266.74,511.47,203.50
122480,NNAPI,136,104.05,512.00,261.06,268.82,524.38,77.99
122581,NNAPI,136,104.66,512.00,300.22,308.02,561.07,69.09
122682,NNAPI,137,115.95,512.00,311.58,319.30,586.56,137.96
122787,NNAPI,137,116.26,512.00,311.59,319.30,586.12,47.84
122889,NNAPI,138,95.20,512.00,276.68,284.39,529.59,205.32
122991,NNAPI,138,104.65,512.00,276.70,284.39,541.38,59.09
123095,NNAPI,138,105.23,512.00,315.85,323.59,575.15,96.02
123196,NNAPI,139,116.52,512.00,327.21,334.88,606.95,138.31
123297,NNAPI,139,116.83,512.00,327.22,334.88,599.96,88.98
123398,NNAPI,140,103.91,512.00,277.31,284.69,526.28,148.32
123500,NNAPI,140,114.54,512.00,290.79,298.46,564.99,117.93
123605,NNAPI,140,115.12,512.00,302.80,310.24,573.18,85.78
123707,NNAPI,141,99.20,512.00,341.29,348.95,595.56,187.23
123808,NNAPI,141,104.32,512.00,240.31,247.98,500.30,79.10
123909,NNAPI,141,104.91,512.00,279.47,287.18,540.05,89.03
124011,NNAPI,142,116.19,512.00,290.83,298.46,567.64,146.58
124114,NNAPI,142,116.26,512.00,290.84,298.46,565.71,87.19
124221,NNAPI,143,117.49,512.00,339.28,346.88,622.29,169.58
124322,NNAPI,143,110.08,512.00,240.34,247.98,507.79,88.79
124425,NNAPI,143,110.66,512.00,267.57,275.24,533.86,77.59
124527,NNAPI,144,121.94,512.00,290.85,298.71,574.60,177.24
124629,NNAPI,144,122.01,512.00,290.87,298.71,572.50,78.39
124731,NNAPI,145,123.31,512.00,327.85,335.39,598.71,146.07
124833,NNAPI,145,104.34,512.00,242.43,250.30,501.55,137.89
124937,NNAPI,145,104.93,512.00,254.38,262.08,507.44,38.41
125039,NNAPI,146,116.17,512.00,292.94,300.79,568.87,186.62
125142,NNAPI,146,116.25,512.00,292.96,300.79,566.79,48.52
125244,NNAPI,147,94.05,512.00,263.25,270.79,504.07,215.63
125346,NNAPI,147,104.95,512.00,276.82,284.64,541.05,156.74
125450,NNAPI,147,105.02,512.00,276.84,284.64,541.95,163.96
125552,NNAPI,148,112.12,512.00,327.33,335.13,591.69,313.58
125655,NNAPI,148,116.85,512.00,327.35,335.13,602.14,87.01
125762,NNAPI,148,103.01,512.00,295.76,303.58,549.04,121.77
125863,NNAPI,149,114.59,512.00,290.92,298.71,565.84,157.64
125966,NNAPI,149,114.66,512.00,290.93,298.71,562.75,48.68
126067,NNAPI,150,115.93,512.00,327.64,335.39,598.39,148.23
126169,NNAPI,150,104.00,512.00,240.43,248.23,502.24,127.37
126271,NNAPI,150,104.10,512.00,240.44,248.23,501.85,88.37
126373,NNAPI,151,105.57,512.00,292.12,299.90,553.52,186.48
126474,NNAPI,151,116.20,512.00,290.97,298.71,566.55,59.20
126576,NNAPI,151,116.98,512.00,322.11,329.88,596.18,88.67
126678,NNAPI,152,109.85,512.00,240.46,248.23,509.34,176.92
126780,NNAPI,152,109.92,512.00,240.47,248.23,507.41,68.67
126881,NNAPI,153,111.39,512.00,292.15,299.90,559.46,216.73
126983,NNAPI,153,122.03,512.00,290.99,298.71,571.33,78.72
127085,NNAPI,153,122.64,512.00,330.15,337.91,607.50,78.11
127187,NNAPI,154,104.64,512.00,276.91,284.64,541.34,167.51
127288,NNAPI,154,104.71,512.00,276.93,284.64,539.26,88.91
127390,NNAPI,155,106.24,512.00,314.11,321.34,559.27,136.95
127491,NNAPI,155,116.87,512.00,327.44,335.13,601.79,138.16
127603,NNAPI,155,117.46,512.00,339.32,346.90,612.11,62.90
127705,NNAPI,156,109.66,512.00,291.00,298.71,557.80,235.31
127808,NNAPI,156,114.43,512.00,291.02,298.71,563.88,86.74
127910,NNAPI,156,115.25,512.00,326.09,333.78,596.65,108.05
128012,NNAPI,157,104.02,512.00,240.53,248.23,505.20,176.89
128114,NNAPI,157,104.09,512.00,240.55,248.23,502.88,78.47
128216,NNAPI,158,105.33,512.00,277.56,284.95,531.19,137.61
128318,NNAPI,158,115.96,512.00,291.06,298.71,565.45,107.92
128422,NNAPI,158,116.78,512.00,303.00,310.49,576.16,67.34
128524,NNAPI,159,104.03,512.00,242.62,250.30,504.79,195.02
128627,NNAPI,159,104.10,512.00,242.63,250.30,502.86,68.01
128730,NNAPI,160,105.37,512.00,295.75,303.40,539.63,155.77
128832,NNAPI,160,116.27,512.00,293.14,300.79,565.33,88.07
128934,NNAPI,160,116.89,512.00,332.30,339.99,600.08,68.32
129036,NNAPI,161,104.01,512.00,240.59,248.23,507.39,167.95
129137,NNAPI,161,104.08,512.00,240.60,248.23,505.12,59.12
129239,NNAPI,162,105.32,512.00,293.72,301.33,543.55,157.60
129341,NNAPI,162,116.22,512.00,291.12,298.71,567.79,87.63
129443,NNAPI,162,116.84,512.00,318.35,325.97,587.89,49.35
129545,NNAPI,163,104.05,512.00,240.62,248.23,505.10,176.01
129647,NNAPI,163,104.12,512.00,240.63,248.23,502.99,78.11
129749,NNAPI,164,105.36,512.00,277.64,284.95,536.55,167.32
129851,NNAPI,164,116.26,512.00,291.14,298.71,565.47,88.45
129953,NNAPI,164,116.88,512.00,326.19,333.78,596.98,87.75
130055,NNAPI,165,109.90,512.00,240.64,248.23,511.09,167.27
130158,NNAPI,165,109.97,512.00,240.65,248.23,507.82,77.89
130260,NNAPI,166,111.21,512.00,307.84,315.40,571.10,156.28
130361,NNAPI,166,122.11,512.00,291.17,298.71,572.02,98.71
130463,NNAPI,166,122.73,512.00,330.32,337.91,609.91,88.64
130564,NNAPI,167,104.10,512.00,261.48,269.07,526.15,167.86
130667,NNAPI,167,104.17,512.00,261.49,269.07,526.44,77.81
130768,NNAPI,168,105.41,512.00,314.62,322.16,562.40,148.04
130870,NNAPI,168,116.32,512.00,312.01,319.55,585.59,88.86
130972,NNAPI,168,116.93,512.00,347.06,354.61,616.91,67.99
131074,NNAPI,169,104.11,512.00,261.52,269.07,527.80,186.89
131177,NNAPI,169,104.18,512.00,261.53,269.07,525.72,77.46
131279,NNAPI,170,105.48,512.00,298.59,305.81,550.04,117.63
131381,NNAPI,170,116.39,512.00,312.06,319.55,585.54,127.88
131493,NNAPI,170,116.97,512.00,323.73,331.23,596.57,62.47
131595,NNAPI,171,109.92,512.00,277.15,284.64,543.23,197.26
131696,NNAPI,171,114.68,512.00,277.18,284.64,551.46,88.95
131797,NNAPI,172,115.95,512.00,314.28,321.40,568.58,118.32
131899,NNAPI,172,126.82,512.00,327.69,335.13,612.80,146.90
132001,NNAPI,172,126.90,512.00,327.70,335.13,611.25,88.06
132103,NNAPI,173,119.55,512.00,291.25,298.71,564.84,207.44
132204,NNAPI,173,124.32,512.00,291.27,298.71,574.28,79.04
132305,NNAPI,173,124.90,512.00,330.19,337.68,612.53,78.81
132407,NNAPI,174,104.10,512.00,240.78,248.23,503.67,157.05
132512,NNAPI,174,104.17,512.00,240.79,248.23,500.57,76.39
132613,NNAPI,175,105.41,512.00,277.88,285.27,536.54,157.70
132715,NNAPI,175,116.04,512.00,291.31,298.96,565.72,79.10
132817,NNAPI,175,116.66,512.00,326.35,334.03,596.90,78.07
132919,NNAPI,176,104.10,512.00,242.86,250.55,505.61,187.31
133020,NNAPI,176,104.17,512.00,242.88,250.55,503.51,78.60
133122,NNAPI,177,105.41,512.00,279.95,287.32,534.77,166.53
133226,NNAPI,177,116.05,512.00,293.39,301.04,565.71,77.38
133327,NNAPI,177,116.67,512.00,324.52,332.20,594.77,68.94
133429,NNAPI,178,104.09,512.00,240.83,248.48,507.25,177.27
133531,NNAPI,178,104.16,512.00,240.84,248.48,505.21,88.29
133633,NNAPI,179,105.40,512.00,278.00,285.32,531.19,137.06
133738,NNAPI,179,116.07,512.00,291.36,298.96,568.77,95.29
133839,NNAPI,179,116.65,512.00,303.37,310.74,576.71,59.11
133941,CPU4T,1,104.13,512.00,229.38,236.95,488.69,195.97
134045,CPU4T,1,104.20,512.00,227.65,235.23,487.23,405.78
134150,CPU4T,2,105.44,512.00,256.44,263.56,508.79,343.64
134251,CPU4T,2,116.07,512.00,264.55,272.11,537.28,285.31
134355,CPU4T,2,116.14,512.00,264.58,272.11,537.28,397.52
134460,CPU4T,3,105.22,512.00,301.46,308.99,563.49,361.50
134562,CPU4T,3,110.04,512.00,227.68,235.23,493.26,342.62
134665,CPU4T,3,110.63,512.00,239.61,247.01,505.63,415.86
134767,CPU4T,4,121.91,512.00,264.58,272.11,543.04,264.41
134871,CPU4T,4,122.22,512.00,264.61,272.11,543.25,414.12
134976,CPU4T,4,122.84,512.00,303.75,311.31,580.29,428.29
135080,CPU4T,5,104.18,512.00,240.58,248.14,498.76,307.35
135188,CPU4T,5,104.25,512.00,240.60,248.14,498.76,398.25
135294,CPU4T,5,104.84,512.00,275.69,283.20,533.28,443.92
135400,CPU4T,6,116.36,512.00,277.51,285.02,548.69,273.42
135504,CPU4T,6,116.43,512.00,277.53,285.02,548.89,393.97
135610,CPU4T,6,117.02,512.00,289.40,296.80,561.48,415.87
135721,CPU4T,7,99.52,512.00,240.60,248.14,495.82,334.64
135830,CPU4T,7,104.28,512.00,240.63,248.14,502.78,364.75
135936,CPU4T,7,104.60,512.00,240.66,248.14,502.99,398.83
136056,CPU4T,8,105.84,512.00,276.39,283.84,539.91,389.97
136164,CPU4T,8,116.47,512.00,277.56,285.02,550.33,324.48
136269,CPU4T,8,116.57,512.00,277.58,285.02,550.33,391.54
136377,CPU4T,9,103.48,512.00,266.66,274.20,521.68,407.73
136487,CPU4T,9,115.02,512.00,264.65,272.11,535.26,288.85
136592,CPU4T,9,115.09,512.00,264.67,272.11,535.26,403.43
136697,CPU4T,9,115.64,512.00,303.81,311.31,575.20,434.61
136806,CPU4T,10,126.96,512.00,301.57,308.99,582.87,294.16
136910,CPU4T,10,127.27,512.00,301.59,308.99,583.08,384.94
137017,CPU4T,10,113.38,512.00,266.92,274.43,534.05,535.49
137125,CPU4T,11,124.65,512.00,264.67,272.11,546.09,286.24
137230,CPU4T,11,124.73,512.00,264.70,272.11,546.09,390.76
137335,CPU4T,11,125.36,512.00,299.82,307.17,579.19,484.74
137444,CPU4T,12,99.42,512.00,290.44,297.91,545.23,265.17
137551,CPU4T,12,104.28,512.00,227.85,235.34,487.04,403.02
137660,CPU4T,12,104.86,512.00,239.66,247.11,499.20,441.25
137767,CPU4T,13,111.41,512.00,264.73,272.21,529.06,344.05
137875,CPU4T,13,116.18,512.00,264.76,272.21,536.79,352.17
137979,CPU4T,13,116.50,512.00,264.78,272.21,536.79,414.10
138084,CPU4T,14,117.76,512.00,293.58,300.67,562.51,379.49
138190,CPU4T,14,110.01,512.00,227.85,235.59,492.63,323.54
138293,CPU4T,14,110.08,512.00,227.88,235.59,492.63,395.85
138398,CPU4T,15,111.32,512.00,256.63,264.04,510.63,390.41
138500,CPU4T,15,122.20,512.00,264.77,272.46,543.38,333.00
138606,CPU4T,15,122.27,512.00,264.80,272.46,543.38,379.64
138711,CPU4T,15,122.89,512.00,303.94,311.66,582.60,474.64
138822,CPU4T,16,104.23,512.00,240.78,248.50,498.13,270.92
138928,CPU4T,16,104.30,512.00,240.80,248.50,498.13,395.41
139033,CPU4T,16,105.12,512.00,252.73,260.28,510.30,427.77
139141,CPU4T,17,105.85,512.00,278.87,286.56,539.29,389.53
139248,CPU4T,17,116.48,512.00,277.72,285.38,548.83,336.69
139352,CPU4T,17,116.55,512.00,277.74,285.38,548.83,393.55
139461,CPU4T,18,93.71,512.00,263.93,271.49,509.03,414.72
139567,CPU4T,18,104.57,512.00,240.82,248.75,500.16,347.62
139671,CPU4T,18,104.64,512.00,240.84,248.75,500.16,385.01
139776,CPU4T,19,105.82,512.00,260.32,268.22,519.99,447.78
139883,CPU4T,19,116.50,512.00,277.74,285.63,549.11,317.05
139990,CPU4T,19,116.81,512.00,277.77,285.88,549.46,384.62
140099,CPU4T,19,103.36,512.00,308.90,317.04,569.46,393.59
140205,CPU4T,20,114.54,512.00,240.89,249.00,508.35,282.98
140309,CPU4T,20,114.62,512.00,240.91,249.00,508.35,384.57
140414,CPU4T,20,115.21,512.00,272.03,280.16,540.30,428.17
140519,CPU4T,21,126.76,512.00,277.80,285.88,559.45,294.34
140625,CPU4T,21,126.83,512.00,277.83,285.88,559.45,378.89
140732,CPU4T,21,126.90,512.00,277.85,285.88,559.45,394.06
140838,CPU4T,22,113.55,512.00,256.75,264.52,515.31,377.18
140947,CPU4T,22,124.18,512.00,264.87,272.96,545.32,311.62
141052,CPU4T,22,124.49,512.00,264.90,272.96,545.53,409.25
141156,CPU4T,22,125.09,512.00,300.01,308.03,580.29,480.93
141264,CPU4T,23,136.44,512.00,301.79,309.84,593.11,278.22
141369,CPU4T,23,104.19,512.00,228.01,236.09,487.00,447.03
141474,CPU4T,23,104.26,512.00,228.02,236.09,487.00,390.02
141580,CPU4T,24,105.77,512.00,263.33,271.25,525.60,434.16
141689,CPU4T,24,116.40,512.00,264.93,272.96,537.25,311.14
141794,CPU4T,24,116.48,512.00,264.95,272.96,537.25,380.40
141899,CPU4T,25,117.71,512.00,293.71,301.39,560.23,446.84
142005,CPU4T,25,113.55,512.00,228.03,236.09,496.32,349.15
142112,CPU4T,25,113.89,512.00,228.06,236.09,496.73,414.34
142216,CPU4T,26,115.10,512.00,243.64,251.66,513.94,392.97
142320,CPU4T,26,125.78,512.00,264.95,273.21,546.68,336.96
142425,CPU4T,26,125.82,512.00,264.97,273.21,546.68,388.01
142530,CPU4T,26,126.45,512.00,304.11,312.41,582.44,457.78
142639,CPU4T,27,104.18,512.00,248.33,256.56,503.68,321.70
142743,CPU4T,27,104.31,512.00,228.08,236.34,486.92,412.22
142849,CPU4T,27,104.91,512.00,259.20,267.50,518.60,427.14
142957,CPU4T,28,116.19,512.00,264.97,273.46,536.61,275.88
143065,CPU4T,28,116.49,512.00,264.99,273.46,536.61,401.00
143169,CPU4T,28,116.56,512.00,265.01,273.46,536.81,393.68
143279,CPU4T,29,110.05,512.00,238.23,246.70,501.43,326.61
143384,CPU4T,29,110.16,512.00,228.12,236.59,492.51,419.43
143489,CPU4T,29,110.75,512.00,239.99,248.36,505.36,428.16
143597,CPU4T,30,117.57,512.00,265.01,273.46,537.31,333.30
143705,CPU4T,30,122.34,512.00,265.04,273.46,542.98,380.86
143810,CPU4T,30,122.96,512.00,277.22,285.24,552.61,438.03
143925,CPU4T,31,93.73,512.00,252.28,260.69,493.25,356.45
144032,CPU4T,31,104.36,512.00,241.03,249.50,498.26,298.25
144138,CPU4T,31,104.67,512.00,241.06,249.50,498.26,396.56
144241,CPU4T,31,105.27,512.00,280.19,288.70,535.68,454.64
144346,CPU4T,32,116.55,512.00,277.96,286.38,548.89,276.58
144450,CPU4T,32,116.62,512.00,277.98,286.38,548.89,393.92
144554,CPU4T,32,117.18,512.00,290.04,298.16,561.21,425.04
144660,CPU4T,33,94.37,512.00,232.89,240.95,476.53,299.95
144766,CPU4T,33,104.97,512.00,241.10,249.50,502.07,265.28
144870,CPU4T,33,105.05,512.00,241.12,249.50,502.07,393.72
144975,CPU4T,33,105.64,512.00,252.78,261.18,514.19,457.58
145085,CPU4T,34,112.36,512.00,278.00,286.38,542.80,317.74
145194,CPU4T,34,117.22,512.00,278.03,286.38,549.71,367.48
145298,CPU4T,34,117.29,512.00,278.05,286.38,549.71,395.70
145405,CPU4T,35,104.26,512.00,242.21,250.57,500.66,389.97
145513,CPU4T,35,114.89,512.00,241.13,249.50,511.91,317.18
145617,CPU4T,35,115.20,512.00,241.15,249.50,511.91,393.52
145723,CPU4T,36,116.39,512.00,256.74,265.07,529.30,441.63
145831,CPU4T,36,127.07,512.00,278.04,286.38,559.38,296.99
145934,CPU4T,36,127.15,512.00,278.07,286.38,559.38,395.98
146039,CPU4T,36,113.23,512.00,267.35,275.79,532.32,480.28
146142,CPU4T,37,124.77,512.00,265.11,273.47,546.14,270.73
146246,CPU4T,37,124.87,512.00,265.13,273.47,546.14,403.03
146352,CPU4T,37,125.42,512.00,296.25,304.63,577.47,465.30
146459,CPU4T,38,104.22,512.00,290.83,299.16,546.42,269.51
146564,CPU4T,38,104.35,512.00,228.24,236.59,487.34,409.10
146669,CPU4T,38,105.18,512.00,240.30,248.36,492.06,402.53
146774,CPU4T,39,116.46,512.00,265.15,273.47,537.66,294.92
146882,CPU4T,39,116.54,512.00,265.17,273.47,537.87,397.52
146998,CPU4T,39,117.12,512.00,277.10,285.25,550.23,439.19
147109,CPU4T,40,123.74,512.00,302.06,310.35,560.98,358.87
147222,CPU4T,40,110.47,512.00,228.27,236.59,493.55,373.86
147326,CPU4T,40,110.54,512.00,228.29,236.59,493.55,394.87
147430,CPU4T,41,111.74,512.00,257.08,265.02,517.39,419.61
147536,CPU4T,41,122.37,512.00,265.19,273.47,543.61,302.31
147642,CPU4T,41,122.45,512.00,265.21,273.47,543.61,387.69
147748,CPU4T,41,123.34,512.00,292.43,300.73,570.61,471.12
147857,CPU4T,42,94.37,512.00,255.63,264.14,505.50,293.26
147965,CPU4T,42,105.00,512.00,256.80,265.32,516.39,334.26
148071,CPU4T,42,105.08,512.00,256.82,265.32,516.39,398.00
148176,CPU4T,43,106.56,512.00,285.59,293.75,537.51,455.29
148282,CPU4T,43,117.18,512.00,293.72,302.20,565.25,301.84
148386,CPU4T,43,117.26,512.00,293.74,302.20,565.25,392.60
148507,CPU4T,43,103.33,512.00,265.16,273.62,520.78,438.22
148616,CPU4T,44,114.63,512.00,265.21,273.72,536.04,268.15
148720,CPU4T,44,114.95,512.00,265.23,273.72,536.25,393.23
148825,CPU4T,44,115.57,512.00,277.42,285.50,543.87,407.20
148935,CPU4T,45,116.33,512.00,311.60,320.07,578.49,372.64
149041,CPU4T,45,104.31,512.00,228.34,236.84,487.03,340.52
149146,CPU4T,45,104.38,512.00,228.36,236.84,487.24,380.94
149252,CPU4T,46,105.80,512.00,243.94,252.41,504.64,434.58
149358,CPU4T,46,116.49,512.00,265.26,273.72,537.44,319.34
149464,CPU4T,46,116.57,512.00,265.28,273.72,537.44,399.31
149571,CPU4T,46,117.19,512.00,296.39,304.88,570.09,473.51
149680,CPU4T,47,110.13,512.00,257.60,266.03,519.52,295.81
149787,CPU4T,47,110.50,512.00,226.16,234.61,491.24,410.65
149891,CPU4T,47,111.08,512.00,238.15,246.39,503.11,439.18
150000,CPU4T,48,117.63,512.00,263.04,271.49,530.98,359.16
150107,CPU4T,48,122.40,512.00,263.07,271.49,537.94,347.26
150211,CPU4T,48,122.48,512.00,263.09,271.49,538.15,393.88
150316,CPU4T,49,93.72,512.00,299.14,307.12,526.29,447.16
150421,CPU4T,49,104.44,512.00,253.04,261.50,510.91,285.66
150526,CPU4T,49,104.52,512.00,253.06,261.50,510.91,390.57
150630,CPU4T,49,105.11,512.00,265.06,273.28,522.64,477.59
150739,CPU4T,50,106.06,512.00,287.19,295.54,548.44,385.69
150848,CPU4T,50,116.69,512.00,288.33,296.73,560.35,329.90
150954,CPU4T,50,116.77,512.00,288.35,296.73,560.35,389.60
151058,CPU4T,51,94.29,512.00,242.10,250.50,492.48,429.90
151164,CPU4T,51,105.01,512.00,274.92,283.32,537.49,331.38
151268,CPU4T,51,105.36,512.00,274.95,283.32,537.49,404.03
151372,CPU4T,51,105.95,512.00,286.60,295.00,550.80,424.33
151479,CPU4T,52,117.23,512.00,323.60,331.96,597.00,270.29
151585,CPU4T,52,117.30,512.00,323.62,331.96,597.00,395.27
151707,CPU4T,52,103.58,512.00,318.01,326.06,590.89,474.93
151815,CPU4T,52,104.01,512.00,279.05,287.49,538.41,269.95
151927,CPU4T,53,110.60,512.00,288.53,296.91,553.87,276.65
152035,CPU4T,53,115.33,512.00,288.56,296.91,561.09,370.84
152141,CPU4T,53,115.41,512.00,288.58,296.91,561.09,384.02
152248,CPU4T,54,116.68,512.00,339.36,347.68,609.22,383.88
152357,CPU4T,54,113.01,512.00,239.67,248.05,508.59,375.68
152462,CPU4T,54,113.08,512.00,239.70,248.05,508.59,391.57
152568,CPU4T,54,113.71,512.00,278.84,287.25,547.80,442.89
152679,CPU4T,55,124.99,512.00,275.14,283.47,557.43,297.53
152784,CPU4T,55,125.06,512.00,275.16,283.47,557.43,411.61
152890,CPU4T,55,125.88,512.00,287.41,295.25,564.25,424.36
152998,CPU4T,56,126.63,512.00,297.86,305.74,570.36,277.26
153103,CPU4T,56,104.30,512.00,259.50,267.77,515.08,219.28
153208,CPU4T,56,104.43,512.00,239.83,248.15,499.52,410.08
153312,CPU4T,56,105.28,512.00,251.82,259.93,511.70,448.62
153418,CPU4T,57,111.87,512.00,274.48,282.79,542.95,320.95
153528,CPU4T,57,116.60,512.00,274.51,282.79,549.13,374.01
153633,CPU4T,57,117.19,512.00,274.49,282.79,549.67,391.58
153737,CPU4T,58,117.98,512.00,325.55,333.79,586.98,400.96
153840,CPU4T,58,109.27,512.00,239.94,248.25,504.72,351.41
153945,CPU4T,58,109.34,512.00,239.97,248.25,504.93,389.92
154051,CPU4T,58,109.96,512.00,275.08,283.32,539.47,498.30
154158,CPU4T,59,121.20,512.00,275.23,283.75,553.73,261.80
154262,CPU4T,59,121.28,512.00,275.26,283.75,553.73,394.81
154367,CPU4T,59,122.11,512.00,302.48,311.01,581.63,450.10
154471,CPU4T,60,128.72,512.00,323.89,332.37,604.56,365.37
154581,CPU4T,60,104.44,512.00,240.00,248.52,500.21,390.25
154685,CPU4T,60,104.51,512.00,240.02,248.52,500.21,403.23
154789,CPU4T,61,111.58,512.00,288.62,297.13,555.38,355.12
154895,CPU4T,61,116.59,512.00,288.65,297.13,562.51,368.63
155005,CPU4T,61,116.66,512.00,288.67,297.13,562.51,380.97
155111,CPU4T,62,117.93,512.00,311.39,319.43,572.93,426.63
155216,CPU4T,62,110.25,512.00,239.92,248.42,505.46,389.42
155321,CPU4T,62,110.32,512.00,239.94,248.42,505.67,378.98
155426,CPU4T,62,111.15,512.00,275.06,283.48,539.64,506.23
155534,CPU4T,63,117.74,512.00,275.24,283.70,547.09,306.51
155641,CPU4T,63,122.51,512.00,275.27,283.70,555.08,365.28
155746,CPU4T,63,122.58,512.00,275.29,283.70,555.08,388.10
155851,CPU4T,64,123.99,512.00,311.34,319.33,546.34,418.00
155960,CPU4T,64,104.76,512.00,259.68,268.17,518.00,350.98
156067,CPU4T,64,104.83,512.00,259.71,268.17,518.00,389.77
156173,CPU4T,64,105.42,512.00,286.93,295.43,534.52,427.45
156279,CPU4T,65,107.31,512.00,295.81,304.25,558.28,374.86
156387,CPU4T,65,117.01,512.00,294.67,303.07,567.56,324.67
156491,CPU4T,65,117.09,512.00,294.68,303.07,567.77,395.51
156596,CPU4T,66,93.87,512.00,281.60,289.59,517.88,390.01
156702,CPU4T,66,104.53,512.00,259.14,267.59,521.59,254.18
156807,CPU4T,66,104.61,512.00,259.17,267.59,521.59,372.30
156913,CPU4T,66,105.44,512.00,290.28,298.75,553.48,464.43
157019,CPU4T,67,116.75,512.00,307.80,316.21,582.04,254.17
157124,CPU4T,67,116.82,512.00,307.82,316.21,582.04,397.99
157230,CPU4T,67,117.44,512.00,319.69,327.98,588.05,463.18
157341,CPU4T,68,104.45,512.00,291.39,299.77,543.36,305.17
157444,CPU4T,68,115.32,512.00,275.61,283.99,549.02,341.48
157548,CPU4T,68,115.39,512.00,275.63,283.99,549.02,392.60
157655,CPU4T,68,115.99,512.00,310.75,319.05,582.84,452.00
157766,CPU4T,69,122.61,512.00,310.46,318.80,590.28,234.07
157881,CPU4T,69,127.34,512.00,310.48,318.80,594.18,354.34
157986,CPU4T,69,113.11,512.00,239.70,248.08,507.45,450.98
158089,CPU4T,70,114.37,512.00,290.32,298.69,551.04,289.23
158194,CPU4T,70,125.01,512.00,287.98,296.34,569.52,307.00
158298,CPU4T,70,125.09,512.00,288.00,296.34,569.52,392.25
158405,CPU4T,71,126.32,512.00,303.59,311.91,584.31,422.31
158511,CPU4T,71,104.36,512.00,303.15,311.47,555.07,292.35
158615,CPU4T,71,104.49,512.00,239.72,248.08,495.93,402.22
158719,CPU4T,71,105.08,512.00,251.97,259.86,505.39,460.87
158830,CPU4T,72,105.84,512.00,286.95,295.23,546.28,389.99
158937,CPU4T,72,116.70,512.00,288.09,296.41,558.16,345.45
159042,CPU4T,72,116.77,512.00,288.11,296.41,558.16,379.82
159147,CPU4T,73,117.73,512.00,319.25,327.57,590.55,477.67
159255,CPU4T,73,110.24,512.00,270.07,278.37,528.36,321.52
159359,CPU4T,73,110.34,512.00,239.72,248.04,502.10,405.84
159465,CPU4T,73,111.17,512.00,266.95,275.30,529.62,472.80
159573,CPU4T,74,117.76,512.00,287.87,296.18,556.57,296.01
159686,CPU4T,74,122.53,512.00,287.90,296.18,564.26,369.48
159792,CPU4T,74,123.12,512.00,287.88,296.18,564.80,387.37
159896,CPU4T,75,93.82,512.00,306.37,314.21,545.03,461.14
159999,CPU4T,75,104.81,512.00,259.38,267.71,516.40,311.95
160106,CPU4T,75,104.88,512.00,259.41,267.71,516.40,375.37
160210,CPU4T,75,105.44,512.00,271.21,279.49,528.55,457.86
160319,CPU4T,76,106.16,512.00,306.54,314.77,565.30,366.83
160428,CPU4T,76,116.80,512.00,307.68,315.95,577.24,333.12
160536,CPU4T,76,117.10,512.00,307.70,315.95,577.45,406.75
160641,CPU4T,76,103.45,512.00,292.15,300.43,550.95,447.70
160748,CPU4T,77,104.20,512.00,286.90,295.12,544.80,278.54
160856,CPU4T,77,114.83,512.00,288.04,296.30,556.68,315.16
160960,CPU4T,77,114.91,512.00,288.06,296.30,556.90,386.81
161063,CPU4T,77,116.26,512.00,319.21,327.46,589.28,443.89
161170,CPU4T,78,104.42,512.00,257.01,265.23,509.35,347.96
161274,CPU4T,78,104.55,512.00,239.84,248.09,496.26,410.62
161379,CPU4T,78,105.15,512.00,274.96,283.16,530.13,429.30
161483,CPU4T,79,116.66,512.00,288.01,296.25,558.26,308.75
161588,CPU4T,79,116.73,512.00,288.04,296.25,558.26,400.34
161699,CPU4T,79,117.33,512.00,299.91,308.02,570.34,438.84
161807,CPU4T,80,118.08,512.00,334.23,342.41,606.57,372.71
161912,CPU4T,80,110.30,512.00,239.86,248.09,502.53,361.06
162016,CPU4T,80,110.64,512.00,239.88,248.09,502.74,392.50
162120,CPU4T,80,111.22,512.00,274.93,283.16,538.05,462.36
162225,CPU4T,81,122.46,512.00,288.05,296.25,564.00,268.11
162329,CPU4T,81,122.54,512.00,288.07,296.25,564.21,384.04
162436,CPU4T,81,123.14,512.00,315.29,323.50,588.09,459.21
162544,CPU4T,82,94.21,512.00,257.28,265.47,501.89,369.61
162651,CPU4T,82,104.84,512.00,259.28,267.50,514.01,288.02
162757,CPU4T,82,104.91,512.00,259.30,267.50,514.01,408.30
162861,CPU4T,83,106.08,512.00,295.04,302.89,531.81,373.64
162965,CPU4T,83,116.75,512.00,307.57,315.75,576.93,326.70
163069,CPU4T,83,117.06,512.00,307.59,315.75,577.14,394.59
163174,CPU4T,83,117.68,512.00,334.81,343.00,600.66,428.20
163280,CPU4T,84,105.13,512.00,274.93,283.10,534.11,255.40
163384,CPU4T,84,105.17,512.00,274.95,283.10,534.31,413.18
163491,CPU4T,84,105.25,512.00,274.97,283.10,534.31,390.67
163596,CPU4T,85,106.75,512.00,310.73,318.43,562.36,450.73
163703,CPU4T,85,117.38,512.00,323.12,331.24,594.98,299.51
163807,CPU4T,85,117.49,512.00,323.15,331.24,594.98,400.63
163918,CPU4T,85,103.75,512.00,332.87,340.99,583.23,470.81
164028,CPU4T,86,104.53,512.00,275.67,283.41,524.93,253.88
164137,CPU4T,86,115.40,512.00,288.06,296.18,557.50,311.68
164242,CPU4T,86,115.48,512.00,288.08,296.18,557.50,391.57
164346,CPU4T,87,116.67,512.00,303.66,311.76,573.96,394.43
164449,CPU4T,87,127.39,512.00,336.25,344.34,615.67,309.88
164556,CPU4T,87,127.43,512.00,336.27,344.34,615.67,401.92
164665,CPU4T,87,113.70,512.00,275.03,283.12,539.38,496.66
164768,CPU4T,88,120.28,512.00,288.09,296.21,562.64,270.33
164875,CPU4T,88,125.05,512.00,288.12,296.21,567.54,376.20
164978,CPU4T,88,125.13,512.00,288.14,296.21,567.54,396.44
165082,CPU4T,89,126.63,512.00,338.69,347.00,610.15,403.05
165187,CPU4T,89,104.49,512.00,239.99,248.34,496.89,276.42
165291,CPU4T,89,104.56,512.00,240.01,248.34,496.89,414.27
165397,CPU4T,89,105.16,512.00,278.91,287.31,536.94,433.37
165504,CPU4T,90,116.44,512.00,288.30,296.63,559.49,309.08
165608,CPU4T,90,116.74,512.00,288.33,296.63,559.70,402.31
165713,CPU4T,90,117.36,512.00,323.45,331.69,594.62,468.63
165816,CPU4T,91,105.59,512.00,320.83,329.13,587.40,301.05
165921,CPU4T,91,110.41,512.00,239.91,248.23,502.78,398.04
166025,CPU4T,91,111.01,512.00,239.90,248.23,503.51,385.15
166130,CPU4T,92,111.96,512.00,290.44,298.72,548.52,438.69
166235,CPU4T,92,122.59,512.00,288.10,296.38,564.77,314.26
166340,CPU4T,92,122.70,512.00,288.13,296.38,564.97,401.98
166444,CPU4T,92,123.76,512.00,319.27,327.54,596.96,439.37
166552,CPU4T,93,104.55,512.00,259.63,267.95,516.91,316.63
166658,CPU4T,93,104.89,512.00,259.65,267.95,517.11,393.59
166763,CPU4T,93,105.47,512.00,286.88,295.21,533.47,459.33
166870,CPU4T,94,112.02,512.00,307.89,316.18,570.84,344.57
166978,CPU4T,94,116.79,512.00,307.92,316.18,576.77,360.58
167085,CPU4T,94,116.87,512.00,307.93,316.18,576.77,395.99
167189,CPU4T,95,94.67,512.00,277.40,285.65,516.73,353.08
167294,CPU4T,95,105.31,512.00,275.07,283.32,534.63,325.58
167399,CPU4T,95,105.38,512.00,275.09,283.32,534.63,389.03
167504,CPU4T,96,106.55,512.00,311.17,318.98,556.68,447.49
167614,CPU4T,96,117.22,512.00,323.77,331.98,595.19,317.64
167720,CPU4T,96,117.53,512.00,323.79,331.98,595.41,418.12
167825,CPU4T,96,103.57,512.00,310.31,318.48,567.07,388.55
167928,CPU4T,97,104.32,512.00,304.92,313.41,556.09,309.59
168034,CPU4T,97,114.95,512.00,289.23,297.70,558.16,330.58
168138,CPU4T,97,115.03,512.00,289.25,297.70,558.37,385.91
168242,CPU4T,98,116.50,512.00,304.84,313.27,575.48,449.88
168349,CPU4T,98,104.47,512.00,271.27,279.71,524.28,357.93
168455,CPU4T,98,104.60,512.00,240.58,249.04,497.69,393.77
168561,CPU4T,98,105.20,512.00,252.44,260.82,510.06,474.39
168668,CPU4T,99,106.16,512.00,277.19,285.64,536.54,372.51
168772,CPU4T,99,116.82,512.00,276.04,284.46,546.59,327.39
168876,CPU4T,99,116.89,512.00,276.06,284.46,546.59,393.29
168980,CPU4T,100,118.16,512.00,312.12,320.11,574.10,442.73
169085,CPU4T,100,110.38,512.00,240.55,249.00,503.24,315.21
169190,CPU4T,100,110.72,512.00,240.57,249.00,503.46,401.02
169295,CPU4T,100,111.30,512.00,267.80,276.26,531.63,465.04
169403,CPU4T,101,117.86,512.00,289.25,297.68,559.14,313.30
169511,CPU4T,101,122.62,512.00,289.28,297.68,565.33,363.52
169614,CPU4T,101,123.22,512.00,301.27,309.45,567.09,396.52
169717,CPU4T,102,94.88,512.00,263.39,271.39,494.64,387.33
169819,CPU4T,102,105.51,512.00,275.90,284.31,532.90,313.33
169924,CPU4T,102,105.58,512.00,275.92,284.31,532.90,381.02
170029,CPU4T,102,106.14,512.00,287.98,296.09,544.83,450.51
170139,CPU4T,103,112.73,512.00,324.57,332.95,587.22,361.92
170247,CPU4T,103,117.73,512.00,324.59,332.95,595.95,270.38
170353,CPU4T,103,117.80,512.00,324.61,332.95,595.95,385.22
170458,CPU4T,103,103.87,512.00,252.29,260.72,508.30,382.65
170563,CPU4T,104,115.14,512.00,275.88,284.27,545.14,275.38
170668,CPU4T,104,115.22,512.00,275.90,284.27,545.14,293.63
170773,CPU4T,104,115.53,512.00,275.92,284.27,545.35,401.66
170877,CPU4T,105,116.80,512.00,312.03,319.90,575.86,422.74
170980,CPU4T,105,104.56,512.00,240.62,249.00,497.84,358.60
171084,CPU4T,105,104.63,512.00,240.64,249.00,497.84,395.02
171188,CPU4T,105,105.23,512.00,275.76,284.07,530.96,463.75
171295,CPU4T,106,112.08,512.00,289.36,297.71,553.27,315.09
171402,CPU4T,106,116.84,512.00,289.39,297.71,559.98,356.50
171506,CPU4T,106,116.92,512.00,289.40,297.71,559.98,386.01
171610,CPU4T,107,118.18,512.00,325.50,333.37,589.34,469.94
171717,CPU4T,107,110.38,512.00,240.67,249.02,503.32,336.91
171821,CPU4T,107,110.75,512.00,240.69,249.02,503.54,404.41
171926,CPU4T,107,111.33,512.00,267.91,276.28,530.98,455.17
172029,CPU4T,108,117.88,512.00,289.49,297.82,557.20,351.05
172135,CPU4T,108,122.65,512.00,289.52,297.82,566.23,337.97
172240,CPU4T,108,122.73,512.00,289.54,297.82,566.23,389.68
172345,CPU4T,109,94.65,512.00,263.73,271.63,506.65,412.37
172449,CPU4T,109,105.28,512.00,276.39,284.69,533.68,315.81
172553,CPU4T,109,105.36,512.00,276.41,284.69,533.68,394.12
172657,CPU4T,110,106.60,512.00,299.19,307.03,546.77,365.21
172762,CPU4T,110,117.49,512.00,311.78,320.04,583.26,325.42
172868,CPU4T,110,117.56,512.00,311.81,320.04,582.95,396.41
172978,CPU4T,110,103.61,512.00,323.43,331.72,573.50,354.25
173082,CPU4T,111,104.36,512.00,278.80,287.07,526.49,172.74
173196,CPU4T,111,114.98,512.00,276.37,284.64,544.62,289.17
173300,CPU4T,111,115.30,512.00,276.40,284.64,544.62,299.71
173403,CPU4T,111,115.89,512.00,288.26,296.42,545.86,346.52
173507,CPU4T,112,116.65,512.00,299.26,307.04,558.00,318.31
173611,CPU4T,112,104.53,512.00,311.87,320.08,570.64,288.03
173715,CPU4T,112,104.66,512.00,240.97,249.23,495.41,415.33
173820,CPU4T,112,105.55,512.00,253.21,261.00,502.32,390.20
173924,CPU4T,113,106.27,512.00,292.25,300.74,550.05,201.02
174028,CPU4T,113,116.91,512.00,276.45,284.93,544.01,203.35
174131,CPU4T,113,116.98,512.00,276.47,284.93,543.96,375.67
174236,CPU4T,113,117.53,512.00,288.65,296.70,554.02,428.71
174343,CPU4T,114,118.52,512.00,310.86,319.23,579.89,384.24
174451,CPU4T,114,115.14,512.00,241.02,249.51,505.91,352.90
174556,CPU4T,114,115.21,512.00,241.04,249.51,505.91,397.41
174662,CPU4T,115,116.45,512.00,263.83,271.88,526.40,408.30
174768,CPU4T,115,127.08,512.00,276.42,284.88,555.18,301.19
174871,CPU4T,115,127.39,512.00,276.45,284.88,555.39,396.11
174977,CPU4T,115,128.00,512.00,311.57,319.94,588.41,466.35
175086,CPU4T,116,99.97,512.00,260.88,269.36,505.96,330.10
175191,CPU4T,116,104.73,512.00,260.90,269.36,513.43,340.63
175295,CPU4T,116,104.81,512.00,260.90,269.36,513.43,404.36
175402,CPU4T,117,112.15,512.00,309.64,318.11,567.30,375.96
175508,CPU4T,117,116.91,512.00,309.66,318.11,576.06,339.58
175612,CPU4T,117,116.99,512.00,309.68,318.11,576.27,400.99
175732,CPU4T,118,94.07,512.00,250.14,258.29,487.32,316.38
175835,CPU4T,118,105.00,512.00,260.86,269.32,518.16,273.92
175938,CPU4T,118,105.07,512.00,260.89,269.32,518.16,395.49
176043,CPU4T,118,105.65,512.00,272.69,281.09,530.32,476.34
176151,CPU4T,119,112.23,512.00,296.25,304.67,556.49,360.56
176256,CPU4T,119,117.00,512.00,296.27,304.67,565.77,342.74
176360,CPU4T,119,117.35,512.00,296.30,304.67,565.77,394.54
176467,CPU4T,119,103.94,512.00,276.07,284.45,527.88,420.67
176579,CPU4T,120,115.21,512.00,276.34,284.74,543.10,278.61
176683,CPU4T,120,115.29,512.00,276.36,284.74,543.10,384.60
176788,CPU4T,120,115.89,512.00,288.30,296.52,555.17,448.04
176890,CPU4T,121,122.74,512.00,325.03,333.39,593.48,371.45
176994,CPU4T,121,127.50,512.00,325.06,333.39,602.25,337.52
177098,CPU4T,121,127.57,512.00,325.08,333.39,602.25,393.33
177203,CPU4T,121,113.58,512.00,279.82,288.27,539.33,369.85
177311,CPU4T,122,124.85,512.00,276.46,285.08,552.94,296.00
177416,CPU4T,122,125.16,512.00,276.48,285.08,552.94,400.82
177521,CPU4T,122,125.76,512.00,288.67,296.86,561.00,429.36
177630,CPU4T,123,126.52,512.00,314.53,323.09,595.56,411.96
177740,CPU4T,123,104.64,512.00,241.22,249.84,495.22,364.80
177844,CPU4T,123,104.71,512.00,241.25,249.84,495.22,393.39
177948,CPU4T,123,105.53,512.00,276.36,284.91,530.80,499.84
178054,CPU4T,124,116.82,512.00,276.61,285.19,543.22,283.00
178161,CPU4T,124,116.89,512.00,276.64,285.19,544.51,385.18
178272,CPU4T,124,117.48,512.00,288.63,296.97,556.53,430.14
178379,CPU4T,125,118.46,512.00,325.43,333.97,594.99,337.74
178488,CPU4T,125,110.55,512.00,241.09,249.68,501.25,364.84
178593,CPU4T,125,110.62,512.00,241.11,249.68,501.45,392.08
178700,CPU4T,126,111.82,512.00,277.21,285.38,524.35,409.98
178811,CPU4T,126,104.53,512.00,289.87,298.42,551.62,388.29
178918,CPU4T,126,104.93,512.00,241.09,249.64,493.92,410.41
179023,CPU4T,126,105.55,512.00,280.23,288.84,532.59,485.73
179132,CPU4T,127,116.79,512.00,289.83,298.37,555.73,284.40
179236,CPU4T,127,116.87,512.00,289.85,298.37,555.73,394.57
179341,CPU4T,127,117.46,512.00,301.66,310.15,568.05,427.68
179448,CPU4T,128,124.31,512.00,338.61,347.11,608.72,401.28
179556,CPU4T,128,113.99,512.00,241.10,249.64,504.86,409.71
179661,CPU4T,128,114.06,512.00,241.12,249.64,505.07,391.29
179765,CPU4T,129,115.33,512.00,277.33,285.43,536.38,421.86
179869,CPU4T,129,125.97,512.00,289.94,298.45,567.85,307.99
179975,CPU4T,129,126.27,512.00,289.97,298.45,568.06,406.94
180080,CPU4T,129,94.02,512.00,311.32,319.86,557.19,482.71
180191,CPU4T,130,100.67,512.00,276.60,285.11,524.16,316.68
180298,CPU4T,130,105.44,512.00,276.63,285.11,531.38,354.36
180401,CPU4T,130,106.03,512.00,288.68,296.89,534.88,406.82
180506,CPU4T,131,107.02,512.00,300.30,308.48,543.11,448.90
180611,CPU4T,131,117.65,512.00,313.78,322.23,582.73,305.27
180715,CPU4T,131,117.72,512.00,313.81,322.23,582.94,402.69
180826,CPU4T,131,103.70,512.00,329.34,337.82,578.98,415.13
180932,CPU4T,132,110.51,512.00,293.33,301.82,552.03,320.08
181039,CPU4T,132,115.34,512.00,293.36,301.82,559.77,346.85
181146,CPU4T,132,115.41,512.00,293.38,301.82,559.97,401.19
181250,CPU4T,133,116.65,512.00,330.32,338.50,589.89,470.79
181353,CPU4T,133,104.69,512.00,242.86,251.34,495.18,379.94
181458,CPU4T,133,105.02,512.00,242.89,251.34,495.39,388.94
181562,CPU4T,134,106.25,512.00,279.90,288.05,513.93,373.73
181666,CPU4T,134,116.85,512.00,293.39,301.82,559.53,348.04
181769,CPU4T,134,116.93,512.00,293.41,301.82,559.53,396.01
181873,CPU4T,134,117.55,512.00,320.63,329.08,583.51,462.06
181981,CPU4T,135,118.51,512.00,342.80,351.12,609.84,379.77
182090,CPU4T,135,110.55,512.00,242.90,251.34,498.87,367.30
182194,CPU4T,135,110.62,512.00,242.92,251.34,498.87,394.22
182298,CPU4T,135,111.21,512.00,281.82,290.30,533.58,451.62
182402,CPU4T,136,122.49,512.00,293.41,301.82,564.73,289.31
182510,CPU4T,136,122.80,512.00,293.44,301.82,564.94,396.44
182616,CPU4T,136,123.38,512.00,320.66,329.08,583.55,424.56
182727,CPU4T,137,94.18,512.00,262.61,270.99,505.54,380.69
182835,CPU4T,137,104.81,512.00,263.75,272.17,517.14,341.59
182942,CPU4T,137,104.89,512.00,263.77,272.17,517.14,374.05
183046,CPU4T,137,105.72,512.00,302.67,311.14,557.35,488.51
183156,CPU4T,138,116.99,512.00,314.26,322.66,580.07,309.05
183261,CPU4T,138,117.07,512.00,314.29,322.66,580.07,383.82
183365,CPU4T,138,117.66,512.00,326.47,334.43,585.78,410.03
183482,CPU4T,139,94.16,512.00,268.51,276.63,509.68,420.35
183588,CPU4T,139,105.09,512.00,263.77,272.17,519.52,292.94
183692,CPU4T,139,105.16,512.00,263.79,272.17,519.52,385.33
183796,CPU4T,139,105.81,512.00,298.91,307.23,553.49,448.69
183905,CPU4T,140,112.36,512.00,314.28,322.66,572.83,340.99
184014,CPU4T,140,117.36,512.00,314.32,322.66,580.26,358.13
184123,CPU4T,140,104.05,512.00,255.22,263.11,502.96,484.36
184225,CPU4T,141,104.77,512.00,296.20,304.55,536.38,412.22
184327,CPU4T,141,115.40,512.00,293.59,301.93,560.03,312.67
184433,CPU4T,141,115.48,512.00,293.62,301.93,560.03,387.85
184538,CPU4T,141,116.33,512.00,332.76,341.13,599.36,465.76
184644,CPU4T,142,112.84,512.00,328.54,336.84,599.98,293.34
184747,CPU4T,142,112.94,512.00,243.12,251.45,505.33,436.16
184867,CPU4T,142,113.57,512.00,255.30,263.23,516.91,426.30
184970,CPU4T,143,114.29,512.00,296.24,304.55,545.55,398.46
185075,CPU4T,143,125.16,512.00,293.64,301.93,569.77,322.15
185179,CPU4T,143,125.23,512.00,293.66,301.93,569.77,395.36
185286,CPU4T,143,125.84,512.00,328.67,337.00,605.55,503.81
185397,CPU4T,144,104.67,512.00,325.40,333.66,578.70,315.35
185502,CPU4T,144,104.81,512.00,243.15,251.45,496.94,427.10
185609,CPU4T,144,105.64,512.00,255.27,263.23,504.93,423.75
185715,CPU4T,145,106.36,512.00,310.34,318.62,568.39,422.76
185822,CPU4T,145,117.00,512.00,293.67,301.93,561.02,318.71
185927,CPU4T,145,117.07,512.00,293.69,301.93,561.23,389.22
186031,CPU4T,146,118.26,512.00,324.84,333.09,590.89,479.36
186139,CPU4T,146,110.56,512.00,273.43,281.67,530.86,343.24
186245,CPU4T,146,110.66,512.00,243.18,251.45,502.72,416.50
186352,CPU4T,146,111.28,512.00,254.98,263.23,515.72,431.36
186461,CPU4T,147,117.87,512.00,293.67,301.93,557.95,365.73
186566,CPU4T,147,122.87,512.00,293.70,301.93,567.18,341.61
186671,CPU4T,147,122.94,512.00,293.72,301.93,567.18,408.75
186778,CPU4T,148,94.14,512.00,330.67,338.61,558.73,402.35
186881,CPU4T,148,104.86,512.00,264.01,272.29,517.13,320.40
186986,CPU4T,148,104.94,512.00,264.03,272.29,517.13,391.89
187091,CPU4T,148,105.76,512.00,291.26,299.54,534.10,455.93
187202,CPU4T,149,106.48,512.00,313.39,321.59,567.63,378.85
187310,CPU4T,149,117.12,512.00,314.55,322.77,580.08,314.01
187416,CPU4T,149,117.19,512.00,314.57,322.77,580.08,406.53
187523,CPU4T,149,94.12,512.00,316.19,324.45,555.66,466.80
187636,CPU4T,150,95.16,512.00,278.54,286.68,524.07,302.39
187743,CPU4T,150,105.79,512.00,279.66,287.86,535.73,334.15
187849,CPU4T,150,105.83,512.00,279.68,287.86,535.73,379.73
187953,CPU4T,150,107.02,512.00,295.27,303.43,552.89,460.50
188057,CPU4T,151,117.73,512.00,330.18,338.34,596.44,316.93
188162,CPU4T,151,118.04,512.00,330.21,338.34,596.65,399.26
188269,CPU4T,151,104.08,512.00,282.39,290.65,534.51,497.94
188376,CPU4T,152,115.36,512.00,293.75,302.18,559.86,270.86
188483,CPU4T,152,115.43,512.00,293.77,302.18,559.86,381.86
188587,CPU4T,152,116.03,512.00,305.83,313.96,562.65,395.86
188691,CPU4T,153,117.04,512.00,343.15,351.48,609.90,431.14
188799,CPU4T,153,104.81,512.00,245.32,253.77,496.78,325.00
188903,CPU4T,153,104.88,512.00,245.35,253.77,496.78,393.70
189008,CPU4T,153,105.48,512.00,284.25,292.74,537.40,465.21
189117,CPU4T,154,116.86,512.00,295.84,304.26,561.30,313.36
189223,CPU4T,154,117.06,512.00,295.87,304.26,561.30,386.72
189331,CPU4T,154,117.65,512.00,307.80,316.04,573.41,471.83
189438,CPU4T,155,118.40,512.00,345.25,353.56,611.64,353.50
189550,CPU4T,155,104.75,512.00,243.30,251.70,499.59,357.79
189654,CPU4T,155,105.09,512.00,243.32,251.70,499.79,403.93
189759,CPU4T,155,105.67,512.00,282.22,290.66,539.49,304.56
189864,CPU4T,156,116.92,512.00,293.81,302.18,563.64,287.33
189968,CPU4T,156,117.00,512.00,293.84,302.18,563.64,392.21
190075,CPU4T,156,117.59,512.00,305.64,313.96,575.73,449.87
190187,CPU4T,157,118.57,512.00,361.03,369.36,627.71,384.94
190293,CPU4T,157,104.79,512.00,243.32,251.70,497.27,357.99
190397,CPU4T,157,104.86,512.00,243.34,251.70,497.27,382.54
190502,CPU4T,158,106.02,512.00,258.93,267.27,514.21,400.95
190608,CPU4T,158,116.74,512.00,293.84,302.18,561.44,310.90
190713,CPU4T,158,117.04,512.00,293.87,302.18,561.44,399.12
190819,CPU4T,158,117.66,512.00,324.98,333.34,593.85,445.11
190924,CPU4T,159,118.38,512.00,343.24,351.48,611.91,353.06
191031,CPU4T,159,110.64,512.00,243.35,251.70,503.56,364.62
191135,CPU4T,159,110.71,512.00,243.37,251.70,503.56,392.41
191240,CPU4T,160,112.18,512.00,310.55,318.87,568.96,401.61
191362,CPU4T,160,122.85,512.00,293.88,302.18,567.54,319.19
191466,CPU4T,160,122.93,512.00,293.90,302.18,567.54,385.21
191571,CPU4T,161,124.11,512.00,309.48,317.76,584.41,464.51
191679,CPU4T,161,105.09,512.00,264.19,272.54,518.02,351.90
191784,CPU4T,161,105.16,512.00,264.22,272.54,518.02,400.99
191890,CPU4T,161,105.76,512.00,291.44,299.79,544.25,461.48
191999,CPU4T,162,112.34,512.00,314.71,323.02,575.44,322.88
192106,CPU4T,162,117.07,512.00,314.74,323.02,580.60,373.29
192219,CPU4T,162,117.90,512.00,326.86,334.80,591.49,459.40
192326,CPU4T,163,104.54,512.00,292.74,301.00,548.48,409.50
192434,CPU4T,163,115.17,512.00,293.90,302.18,559.93,326.55
192538,CPU4T,163,115.25,512.00,293.93,302.18,559.93,394.80
192642,CPU4T,164,116.43,512.00,313.40,321.66,576.72,441.40
192750,CPU4T,164,127.39,512.00,344.42,352.67,621.35,322.96
192855,CPU4T,164,127.46,512.00,344.45,352.67,621.35,391.52
192961,CPU4T,164,113.49,512.00,345.20,353.39,612.82,432.78
193068,CPU4T,165,114.24,512.00,280.31,288.38,534.21,242.15
193174,CPU4T,165,124.87,512.00,293.92,302.18,569.80,264.97
193279,CPU4T,165,125.19,512.00,293.94,302.18,569.90,391.84
193384,CPU4T,165,125.77,512.00,321.17,329.44,590.13,455.60
193493,CPU4T,166,132.40,512.00,344.44,352.67,621.43,377.33
193600,CPU4T,166,104.82,512.00,243.44,251.70,497.21,391.46
193704,CPU4T,166,105.16,512.00,243.46,251.70,497.21,393.51
193807,CPU4T,167,106.42,512.00,280.49,288.42,520.95,388.38
193912,CPU4T,167,117.02,512.00,293.96,302.18,561.20,285.82
194014,CPU4T,167,117.09,512.00,293.98,302.18,561.20,343.18
194120,CPU4T,167,117.68,512.00,306.16,313.96,571.84,454.74
194234,CPU4T,168,94.21,512.00,343.36,351.48,588.23,384.50
194342,CPU4T,168,104.90,512.00,245.53,253.77,497.40,380.93
194446,CPU4T,168,104.98,512.00,245.55,253.77,497.40,382.66
194550,CPU4T,169,106.22,512.00,282.61,290.54,518.56,444.65
194656,CPU4T,169,116.85,512.00,296.05,304.26,562.04,329.32
194761,CPU4T,169,117.15,512.00,296.07,304.26,562.04,382.96
194873,CPU4T,169,94.19,512.00,331.19,339.32,578.85,463.80
194978,CPU4T,170,100.84,512.00,279.90,288.11,530.18,312.81
195086,CPU4T,170,105.61,512.00,279.93,288.11,536.37,381.91
195193,CPU4T,170,106.21,512.00,292.18,299.89,540.45,390.60
195298,CPU4T,171,107.16,512.00,316.79,324.84,572.66,427.11
195402,CPU4T,171,117.79,512.00,330.45,338.59,597.93,299.47
195506,CPU4T,171,117.86,512.00,330.47,338.59,597.93,393.22
195636,CPU4T,171,104.12,512.00,280.71,288.84,538.12,393.65
195744,CPU4T,172,104.87,512.00,292.86,301.00,549.68,287.17
195857,CPU4T,172,115.77,512.00,294.03,302.18,560.58,344.61
195961,CPU4T,172,115.84,512.00,294.05,302.18,560.77,393.97
196065,CPU4T,173,117.11,512.00,331.04,338.90,583.31,411.73
196170,CPU4T,173,104.85,512.00,245.63,253.77,507.58,384.05
196275,CPU4T,173,105.10,512.00,243.56,251.70,497.70,398.50
196379,CPU4T,173,105.81,512.00,274.67,282.86,529.82,414.35
196483,CPU4T,174,117.08,512.00,294.05,302.18,561.57,316.77
196587,CPU4T,174,117.12,512.00,294.08,302.18,561.57,385.30
196691,CPU4T,174,117.71,512.00,306.32,313.96,571.35,452.58
196798,CPU4T,175,118.70,512.00,347.20,355.28,612.43,381.83
196907,CPU4T,175,110.71,512.00,243.56,251.70,503.51,366.83
197012,CPU4T,175,110.78,512.00,243.58,251.70,503.51,389.56
197120,CPU4T,176,112.02,512.00,280.70,288.52,525.82,427.58
197228,CPU4T,176,122.65,512.00,294.08,302.18,567.92,332.28
197333,CPU4T,176,122.96,512.00,294.11,302.18,568.13,401.29
197440,CPU4T,176,123.57,512.00,325.22,333.34,599.10,410.83
197548,CPU4T,177,100.22,512.00,264.39,272.54,510.10,342.55
197655,CPU4T,177,104.98,512.00,264.41,272.54,518.04,353.45
197761,CPU4T,177,105.06,512.00,264.43,272.54,518.04,389.48
197866,CPU4T,178,106.50,512.00,301.54,309.34,538.45,456.04
197974,CPU4T,178,117.16,512.00,314.93,323.27,581.07,332.20
198079,CPU4T,178,117.24,512.00,314.95,323.27,581.07,391.08
198184,CPU4T,178,117.86,512.00,327.07,335.05,593.40,448.47
198295,CPU4T,179,94.95,512.00,266.69,274.72,495.06,343.27
198402,CPU4T,179,105.84,512.00,280.04,288.36,537.27,269.99
198506,CPU4T,179,105.91,512.00,280.06,288.36,537.27,385.57
198610,CPU4T,179,106.46,512.00,292.31,300.14,548.43,451.88
